ticker,name,current_price,per,forward_per,pbr,eps,forward_eps,bps,dividend_yield,industry_per,target_price,opinion,high_52w,low_52w,recent_high,recent_low,ma_200,trend,momentum_12m,drop_52w,volatility_60d,smart_guide,momentum_diag,risk_grade,updated_at
000150,두산,1078000.0,304.0,23.875742,12.33,3546.0,,87399.0,,,2170000.0,적극매수,2489000.0,507000.0,1358000.0,889000.0,1177910.0,▼ 하락추세,0.8271,-0.5669,1.2269,▼ 바닥확인,▲ 주도대장,▼ 소액접근,2026-08-23 07:46:28
000240,한국앤컴퍼니,23250.0,6.36,5.3435993,0.46,3658.0,,50477.0,,,33000.0,none,36450.0,21000.0,26700.0,22800.0,25886.0,▼ 하락추세,-0.0882,-0.3621,0.5353,▼ 바닥확인,━ 방향탐색,▼ 비중조절,2026-08-23 07:46:28
000270,기아,130900.0,6.85,5.503861,0.83,19111.0,,157456.0,,,220233.33,적극매수,212500.0,100000.0,146800.0,114700.0,145629.0,▼ 하락추세,0.3116,-0.384,0.6317,▼ 바닥확인,▲ 실적지속,▼ 소액접근,2026-08-23 07:46:28
000500,가온전선,158200.0,88.53,,9.74,1787.0,,16247.0,,,,none,635000.0,52600.0,214000.0,106400.0,107582.0,━ 박스권세,3.3598,-0.7509,1.7381,▲ 분할매수,▲ 주도대장,▼ 소액접근,2026-08-23 07:46:28
000660,SK하이닉스,1653000.0,14.2,3.7791538,1.35,5700.0,,60000.0,2.1,,3166022.2,적극매수,2987000.0,245000.0,157500.0,142500.0,1279885.0,상승추세 (Bull),5.179439252336449,-0.44660194174757284,1.3011409930830606,▲ 분할매수,▲ 주도대장,C (고위험),2026-08-29 17:49:09
000720,현대건설,105600.0,31.81,16.502197,1.44,3320.0,,73523.0,,,181047.62,매수,198400.0,54100.0,121700.0,77700.0,116364.0,▼ 하락추세,0.4894,-0.4677,1.0854,▼ 바닥확인,▲ 실적지속,▼ 소액접근,2026-08-23 07:46:28
000810,삼성화재,661000.0,16.24,10.150181,1.32,40703.0,,500071.0,,,761944.44,매수,757000.0,419000.0,666000.0,571000.0,537360.0,▲ 수급유입,0.4169,-0.1268,0.6725,▲ 상승유지,▲ 실적지속,▼ 소액접근,2026-08-23 07:46:28
000990,DB하이텍,89700.0,15.51,9.524315,1.7,5783.0,,52634.0,,,159333.33,적극매수,230500.0,42600.0,107900.0,68900.0,103878.0,▼ 하락추세,0.8964,-0.6108,1.0464,▼ 바닥확인,▲ 주도대장,▼ 소액접근,2026-08-23 07:46:28
001120,LX인터내셔널,37900.0,10.36,5.0193133,0.49,3659.0,,77069.0,,,57166.668,none,57700.0,29000.0,40550.0,33300.0,39436.0,▼ 하락추세,0.145,-0.3432,0.5077,▼ 하락관망,▲ 시장동행,▼ 비중조절,2026-08-23 07:46:28
001430,세아베스틸지주,39350.0,25.11,10.886061,0.73,1567.0,,54192.0,,,68171.43,none,92500.0,23050.0,46250.0,28800.0,52417.0,▼ 하락추세,0.1694,-0.5746,0.8299,▼ 바닥확인,▲ 시장동행,▼ 소액접근,2026-08-23 07:46:28
001440,대한전선,26650.0,58.96,34.01838,3.09,452.0,,8622.0,,,45300.0,none,75900.0,14740.0,31450.0,20550.0,32321.0,▼ 하락추세,0.6656,-0.6489,0.9624,▼ 바닥확인,▲ 주도대장,▼ 소액접근,2026-08-23 07:46:28
001510,SK증권,2955.0,24.42,,1.02,121.0,,2884.0,,,,none,6190.0,613.0,3555.0,1713.0,2625.0,▲ 수급유입,1.0226,-0.5226,1.0679,▲ 분할매수,▲ 주도대장,▼ 소액접근,2026-08-23 07:46:28
001720,신영증권,158800.0,17.5,,0.63,9073.0,,253168.0,,,,none,272000.0,119300.0,168000.0,119300.0,170630.0,▼ 하락추세,0.1335,-0.4162,0.6901,▼ 바닥확인,▲ 시장동행,▼ 소액접근,2026-08-23 07:46:28
003160,디아이,23350.0,129.72,11.145033,3.71,180.0,,6287.0,,,47500.0,none,41700.0,12600.0,27300.0,15550.0,27718.0,▼ 하락추세,0.6272,-0.44,1.1257,▼ 바닥확인,▲ 주도대장,▼ 소액접근,2026-08-23 07:46:28
003470,유안타증권,4545.0,10.1,,0.49,450.0,,9275.0,,,,none,8400.0,3315.0,4900.0,3765.0,4595.0,▼ 하락추세,0.1208,-0.4589,0.5894,▼ 바닥확인,▲ 시장동행,▼ 비중조절,2026-08-23 07:46:28
003530,한화투자증권,4870.0,10.47,,0.51,465.0,,9484.0,,,,none,10300.0,3515.0,5070.0,3515.0,5869.0,▼ 하락추세,-0.2599,-0.5272,0.722,▼ 바닥확인,▼ 자금이탈,▼ 소액접근,2026-08-23 07:46:28
003540,대신증권,25900.0,12.67,6.6325226,0.48,2044.0,,54154.0,,,52000.0,none,51400.0,22750.0,28550.0,22750.0,31532.0,▼ 하락추세,-0.0896,-0.4961,0.5342,▼ 바닥확인,━ 방향탐색,▼ 비중조절,2026-08-23 07:46:28
003670,포스코퓨처엠,154900.0,401.3,146.8188,3.39,386.0,,45731.0,,,186777.78,중립(Hold),299500.0,114700.0,171400.0,114700.0,203248.0,▼ 하락추세,-0.0127,-0.4828,0.8285,▼ 바닥확인,━ 방향탐색,▼ 소액접근,2026-08-23 07:46:28
003690,코리안리,14540.0,8.8,6.362205,0.7,1653.0,,20843.0,,,16000.0,none,15500.0,10010.0,15500.0,12990.0,12594.0,▲ 수급유입,0.323,-0.0619,0.3843,▲ 상승유지,▲ 실적지속,▼ 비중조절,2026-08-23 07:46:28
005070,코스모신소재,37500.0,69.06,37.220844,2.46,543.0,,15248.0,,,58000.0,none,66400.0,26600.0,42200.0,26600.0,48307.0,▼ 하락추세,-0.0013,-0.4352,0.9231,▼ 바닥확인,━ 방향탐색,▼ 소액접근,2026-08-23 07:46:28
005380,현대차,415000.0,11.75,8.5169525,0.94,35331.0,,439541.0,,,676842.9,매수,783000.0,212000.0,459500.0,338500.0,458158.0,▼ 하락추세,0.9715,-0.47,0.6594,▼ 바닥확인,▲ 주도대장,▼ 소액접근,2026-08-23 07:46:28
005420,코스모화학,9900.0,-12.53,,1.73,-790.0,,5730.0,,,,none,21650.0,7160.0,11030.0,7160.0,14560.0,▼ 하락추세,-0.3839,-0.5427,0.7964,▼ 바닥확인,▼ 자금이탈,▼ 소액접근,2026-08-23 07:46:28
005490,POSCO홀딩스,310000.0,38.34,10.4455595,0.42,8085.0,,736969.0,,,461888.88,매수,542000.0,258500.0,337000.0,275000.0,351382.0,▼ 하락추세,-0.0032,-0.428,0.5391,▼ 바닥확인,━ 방향탐색,▼ 비중조절,2026-08-23 07:46:28
005830,DB손해보험,177800.0,7.04,5.8916907,0.99,25263.0,,179423.0,,,222529.4,적극매수,214000.0,118100.0,191100.0,150400.0,152124.0,▲ 수급유입,0.2912,-0.1692,0.4686,▲ 상승유지,▲ 실적지속,▼ 비중조절,2026-08-23 07:46:28
005850,에스엘,52400.0,7.83,5.8602324,0.95,6692.0,,55423.0,,,86500.0,적극매수,79500.0,32650.0,63400.0,47750.0,55134.0,▼ 하락추세,0.6223,-0.3409,0.6346,▼ 하락관망,▲ 주도대장,▼ 소액접근,2026-08-23 07:46:28
005930,삼성전자,257000.0,14.2,4.181988,1.35,5700.0,,60000.0,2.1,,470155.62,적극매수,374500.0,67500.0,84000.0,76000.0,207874.5,상승추세 (Bull),2.6714285714285713,-0.3137516688918558,1.0891178167550613,▲ 분할매수,▲ 주도대장,C (고위험),2026-08-29 17:49:09
005940,NH투자증권,26100.0,9.04,6.6919265,1.04,2888.0,,25187.0,,,42833.332,none,42600.0,18660.0,30000.0,24900.0,28245.0,▼ 하락추세,0.2,-0.3873,0.5765,▼ 바닥확인,▲ 실적지속,▼ 비중조절,2026-08-23 07:46:28
006260,LS,293500.0,34.7,12.087531,1.6,8458.0,,182946.0,,,547750.0,적극매수,604000.0,150000.0,359000.0,221000.0,294458.0,▼ 하락추세,0.6021,-0.5141,1.0127,▼ 바닥확인,▲ 주도대장,▼ 소액접근,2026-08-23 07:46:28
006340,대원전선,13250.0,117.26,,8.68,113.0,,1527.0,,,,none,20300.0,2765.0,16370.0,10090.0,7811.0,▲ 수급유입,3.4915,-0.3473,1.4709,▲ 분할매수,▲ 주도대장,▼ 소액접근,2026-08-23 07:46:28
006400,삼성SDI,478000.0,-57.42,26.271008,1.75,-8325.0,,272485.0,,,707483.9,매수,723000.0,196800.0,518000.0,341500.0,428772.0,━ 박스권세,1.6192,-0.3389,0.9066,▲ 분할매수,▲ 주도대장,▼ 소액접근,2026-08-23 07:46:28
006800,미래에셋증권,34500.0,16.02,9.15864,1.52,2154.0,,22705.0,,,59083.332,매수,87800.0,17580.0,40400.0,28900.0,45882.0,▼ 하락추세,0.6739,-0.6071,0.7818,▼ 바닥확인,▲ 주도대장,▼ 소액접근,2026-08-23 07:46:28
007660,이수페타시스,99300.0,44.0,16.356636,9.65,2257.0,,10292.0,,,175384.61,적극매수,164400.0,54800.0,110800.0,57900.0,116525.0,▼ 하락추세,0.6468,-0.396,1.1912,▼ 바닥확인,▲ 주도대장,▼ 소액접근,2026-08-23 07:46:28
007810,코리아써키트,54600.0,31.63,9.762203,3.4,1726.0,,16070.0,,,104500.0,none,148300.0,11330.0,73200.0,37600.0,66038.0,▼ 하락추세,3.5387,-0.6318,1.2863,▼ 바닥확인,▲ 주도대장,▼ 소액접근,2026-08-23 07:46:28
009150,삼성전기,1316000.0,144.63,31.933342,10.42,9099.0,,126302.0,,,2304814.8,적극매수,2417000.0,153800.0,1600000.0,865000.0,791802.0,━ 박스권세,8.4881,-0.4555,1.4389,▲ 분할매수,▲ 주도대장,▼ 소액접근,2026-08-23 07:46:28
0091P0,TIGER 코리아원자력,15225.0,,,,,,,,,,,28180.0,9150.0,17320.0,11405.0,16745.0,▼ 하락추세,0.6188,-0.4597,0.8099,▼ 바닥확인,▲ 주도대장,▼ 소액접근,2026-08-23 07:46:28
009540,HD한국조선해양,348500.0,11.37,5.877956,1.85,30639.0,,187883.0,,,548285.7,적극매수,494500.0,314000.0,412500.0,314000.0,408242.0,▼ 하락추세,0.0513,-0.2952,0.6454,▼ 하락관망,▲ 시장동행,▼ 소액접근,2026-08-23 07:46:28
009830,한화솔루션,32050.0,-9.49,9.547671,0.67,-3377.0,,47898.0,,,46877.777,매수,59300.0,22000.0,38550.0,22000.0,34317.0,▼ 하락추세,-0.0374,-0.4595,0.9535,▼ 바닥확인,━ 방향탐색,▼ 소액접근,2026-08-23 07:46:28
010060,OCI홀딩스,265000.0,-55.53,13.744386,1.26,-4772.0,,210598.0,,,364500.0,none,414000.0,83400.0,303500.0,163100.0,193472.0,▲ 수급유입,1.9609,-0.3599,1.3089,▲ 분할매수,▲ 주도대장,▼ 소액접근,2026-08-23 07:46:28
010120,LS ELECTRIC,187000.0,97.85,37.040718,13.43,1911.0,,13920.0,,,265500.2,매수,907000.0,148000.0,226000.0,148000.0,165903.0,━ 박스권세,2.2635,-0.7938,1.1637,▲ 분할매수,▲ 주도대장,▼ 소액접근,2026-08-23 07:46:28
010140,삼성중공업,20200.0,32.58,11.906908,4.16,620.0,,4857.0,,,35434.78,none,35350.0,18440.0,23850.0,18440.0,26701.0,▼ 하락추세,0.075,-0.4286,0.6145,▼ 바닥확인,▲ 시장동행,▼ 소액접근,2026-08-23 07:46:28
0104P0,TIGER 코리아배당다우존스위클리커버드콜,10850.0,,,,,,,,,,,13610.0,9420.0,11545.0,10237.0,10783.0,━ 박스권세,0.1982,-0.2028,0.3306,▲ 분할매수,▲ 시장동행,━ 정상비중,2026-08-23 07:46:28
011070,LG이노텍,550000.0,38.14,11.725111,2.26,14419.0,,243532.0,,,1084230.8,매수,1788000.0,158000.0,710000.0,416000.0,489980.0,━ 박스권세,2.5576,-0.6924,1.2919,▲ 분할매수,▲ 주도대장,▼ 소액접근,2026-08-23 07:46:28
0111P0,1Q 미국나스닥100미국채혼합50액티브,10800.0,,,,,,,,,,,12420.0,9800.0,11329.0,10740.0,10893.0,▼ 하락추세,0.092,-0.1304,0.1447,▼ 하락관망,▲ 시장동행,▲ 비중확대,2026-08-23 07:46:28
0115E0,KODEX 코리아소버린AI,14755.0,,,,,,,,,,,19200.0,9955.0,15540.0,11466.0,13184.0,▲ 수급유입,0.4628,-0.2315,0.6332,▲ 분할매수,▲ 실적지속,▼ 소액접근,2026-08-23 07:46:28
011790,SKC,83400.0,-4.3,-36.60817,3.41,-19393.0,,24423.0,,,99863.664,비중축소,184400.0,61100.0,91100.0,61100.0,106209.0,▼ 하락추세,-0.1127,-0.5477,0.996,▼ 바닥확인,▼ 자금이탈,▼ 소액접근,2026-08-23 07:46:28
012330,현대모비스,496000.0,12.5,9.368858,0.9,39682.0,,551325.0,,,690500.0,매수,822000.0,283000.0,556000.0,420500.0,448965.0,━ 박스권세,0.637,-0.3966,0.7055,▲ 분할매수,▲ 주도대장,▼ 소액접근,2026-08-23 07:46:28
014620,성광벤드,22950.0,18.07,,1.11,1270.0,,20691.0,,,,,53300.0,22550.0,29700.0,22550.0,31289.0,▼ 하락추세,-0.2086,-0.5694,0.7937,▼ 바닥확인,▼ 자금이탈,▼ 소액접근,2026-08-23 07:46:28
014680,한솔케미칼,201000.0,15.47,10.62572,2.02,12993.0,,99420.0,,,375666.66,적극매수,346500.0,158600.0,241500.0,175000.0,259876.0,▼ 하락추세,0.1123,-0.4199,0.8463,▼ 바닥확인,▲ 시장동행,▼ 소액접근,2026-08-23 07:46:28
016360,삼성증권,92000.0,8.16,5.7735453,1.02,11279.0,,90348.0,,,149000.0,none,163000.0,66800.0,103500.0,82700.0,98004.0,▼ 하락추세,0.2332,-0.4356,0.7292,▼ 바닥확인,▲ 실적지속,▼ 소액접근,2026-08-23 07:46:28
0167A0,SOL AI반도체TOP2플러스,17585.0,,,,,,,,,,,29515.0,8830.0,19160.0,12290.0,17626.0,▼ 하락추세,0.7048,-0.4042,1.15,▼ 바닥확인,▲ 주도대장,▼ 소액접근,2026-08-23 07:46:28
0173Y0,KODEX 미국AI광통신네트워크,11340.0,,,,,,,,,,,16450.0,8805.0,13090.0,8805.0,13059.0,▼ 하락추세,0.22,-0.3106,0.8854,▼ 하락관망,▲ 실적지속,▼ 소액접근,2026-08-23 07:46:28
0174B0,KoAct 글로벌AI메모리반도체액티브,14490.0,,,,,,,,,,,22070.0,10145.0,15930.0,11055.0,15297.0,▼ 하락추세,0.402,-0.3435,0.9377,▼ 하락관망,▲ 실적지속,▼ 소액접근,2026-08-23 07:46:28
017670,SK텔레콤,102200.0,53.76,16.035976,1.69,1901.0,,60395.0,,,100587.5,매수,139500.0,51400.0,105600.0,76000.0,78432.0,▲ 수급유입,0.825,-0.2674,0.7894,▲ 분할매수,▲ 주도대장,▼ 소액접근,2026-08-23 07:46:28
0177X0,ACE K휴머노이드로봇산업TOP2+,9615.0,,,,,,,,,,,16810.0,7260.0,11250.0,7260.0,11266.0,▼ 하락추세,-0.0569,-0.428,0.8734,▼ 바닥확인,━ 방향탐색,▼ 소액접근,2026-08-23 07:46:28
017800,현대엘리베이터,72200.0,10.77,12.762949,1.93,6703.0,,37450.0,,,120000.0,none,113400.0,61800.0,80000.0,61800.0,84848.0,▼ 하락추세,-0.1546,-0.3633,0.3761,▼ 바닥확인,▼ 자금이탈,▼ 비중조절,2026-08-23 07:46:28
017960,한국카본,22550.0,11.51,7.9994817,1.96,1960.0,,11519.0,,,55000.0,적극매수,54100.0,18530.0,26100.0,18530.0,34451.0,▼ 하락추세,-0.136,-0.5832,0.6862,▼ 바닥확인,▼ 자금이탈,▼ 소액접근,2026-08-23 07:46:28
0181L0,SOL 미국우주항공TOP10,7470.0,,,,,,,,,,,15545.0,6165.0,8435.0,6165.0,9598.0,▼ 하락추세,-0.2589,-0.5195,0.8423,▼ 바닥확인,▼ 자금이탈,▼ 소액접근,2026-08-23 07:46:28
0190G0,KODEX 반도체타겟위클리커버드콜,8815.0,,,,,,,,,,,12710.0,6320.0,9125.0,6261.0,9890.0,▼ 하락추세,-0.152,-0.3065,0.9815,▼ 하락관망,▼ 자금이탈,▼ 소액접근,2026-08-23 07:46:28
020150,롯데에너지머티리얼즈,29450.0,-9.61,62.65164,0.93,-3065.0,,31623.0,,,58200.0,매수,83100.0,21600.0,35800.0,22600.0,41972.0,▼ 하락추세,0.2479,-0.6456,1.0618,▼ 바닥확인,▲ 실적지속,▼ 소액접근,2026-08-23 07:46:28
023160,태광,20150.0,8.36,,0.83,2410.0,,24145.0,,,,,51300.0,19420.0,25150.0,19420.0,28929.0,▼ 하락추세,0.0451,-0.6072,0.8535,▼ 바닥확인,━ 방향탐색,▼ 소액접근,2026-08-23 07:46:28
024110,기업은행,20000.0,5.88,5.471539,0.44,3400.0,,45716.0,,,23970.588,중립(Hold),29550.0,18660.0,21550.0,19840.0,21513.0,▼ 하락추세,-0.0244,-0.3232,0.2976,▼ 하락관망,━ 방향탐색,━ 정상비중,2026-08-23 07:46:28
029780,삼성카드,46150.0,8.28,8.325315,0.56,5575.0,,83059.0,,,63750.0,none,69200.0,44050.0,50400.0,45400.0,52712.0,▼ 하락추세,-0.1563,-0.3331,0.4055,▼ 하락관망,▼ 자금이탈,▼ 비중조절,2026-08-23 07:46:28
030000,제일기획,18900.0,10.48,8.715045,1.22,1804.0,,15525.0,,,24525.0,none,23300.0,17760.0,19450.0,18490.0,20297.0,▼ 하락추세,-0.137,-0.1888,0.3268,▼ 하락관망,▼ 자금이탈,━ 정상비중,2026-08-23 07:46:28
030200,KT,52400.0,7.63,8.17218,0.72,6869.0,,73231.0,,,72863.48,매수,69400.0,48100.0,54900.0,51300.0,55610.0,▼ 하락추세,-0.0839,-0.245,0.3732,▼ 하락관망,━ 방향탐색,▼ 비중조절,2026-08-23 07:46:28
031980,피에스케이홀딩스,107500.0,25.28,,4.58,4252.0,,23484.0,,,,,173000.0,30600.0,123000.0,75100.0,91700.0,━ 박스권세,2.1114,-0.3786,1.5402,▲ 분할매수,▲ 주도대장,▼ 소액접근,2026-08-23 07:46:28
032640,LG유플러스,14870.0,12.31,7.66141,0.71,1208.0,,20826.0,,,18878.262,매수,18800.0,13600.0,15750.0,14230.0,15441.0,▼ 하락추세,-0.008,-0.209,0.4147,▼ 하락관망,━ 방향탐색,▼ 비중조절,2026-08-23 07:46:28
032820,우리기술,11890.0,2378.0,,15.75,5.0,,755.0,,,,,30200.0,3255.0,12500.0,7450.0,12400.0,▼ 하락추세,2.1497,-0.6063,1.2444,▼ 바닥확인,▲ 주도대장,▼ 소액접근,2026-08-23 07:46:28
033100,제룡전기,46250.0,,,,,,,,,,,93800.0,31850.0,51500.0,34250.0,47754.0,▼ 하락추세,0.1739,-0.5069,0.9085,▼ 바닥확인,▲ 시장동행,▼ 소액접근,2026-08-23 07:46:28
033780,KT&G,172300.0,19.2,12.440565,1.93,8973.0,,89409.0,,,227588.23,적극매수,192400.0,129700.0,191500.0,169500.0,162544.0,━ 박스권세,0.2351,-0.1045,0.3483,━ 눌림지지,▲ 실적지속,━ 정상비중,2026-08-23 07:46:28
034020,두산에너빌리티,73300.0,555.3,70.48287,6.03,132.0,,12156.0,,,127428.7,적극매수,139200.0,57000.0,85700.0,57000.0,91230.0,▼ 하락추세,0.1312,-0.4734,0.7435,▼ 바닥확인,▲ 시장동행,▼ 소액접근,2026-08-23 07:46:28
035250,강원랜드,14310.0,9.62,9.682795,0.72,1487.0,,19841.0,,,19246.666,매수,19590.0,13920.0,14870.0,14070.0,16730.0,▼ 하락추세,-0.2732,-0.2695,0.2431,▼ 하락관망,▼ 자금이탈,━ 정상비중,2026-08-23 07:46:28
035420,NAVER,220500.0,,,,,,,,,,,304000.0,181100.0,,,228930.0,하락추세 (Bear),-0.024336283185840708,-0.2746710526315789,0.7337333046589206,,,C (고위험),2026-08-29 17:49:09
036190,금화피에스시,33550.0,6.58,,0.51,5099.0,,65215.0,,,,,42500.0,28350.0,34350.0,29950.0,33237.0,▲ 수급유입,0.0276,-0.2106,0.3351,▲ 분할매수,━ 방향탐색,━ 정상비중,2026-08-23 07:46:28
036460,한국가스공사,35650.0,24.74,3.5591989,0.29,1441.0,,123774.0,,,44900.0,매수,45700.0,31150.0,37000.0,33000.0,37788.0,▼ 하락추세,-0.1907,-0.2199,0.3032,▼ 하락관망,▼ 자금이탈,━ 정상비중,2026-08-23 07:46:28
036540,SFA반도체,5560.0,-47.93,,1.93,-116.0,,2884.0,,,,,11640.0,3195.0,6480.0,3735.0,6160.0,▼ 하락추세,0.724,-0.5223,1.1275,▼ 바닥확인,▲ 주도대장,▼ 소액접근,2026-08-23 07:46:28
036830,솔브레인홀딩스,37950.0,1.63,,0.44,23248.0,,86410.0,,,,,80800.0,25750.0,42800.0,25750.0,45636.0,▼ 하락추세,-0.152,-0.5303,0.8409,▼ 바닥확인,▼ 자금이탈,▼ 소액접근,2026-08-23 07:46:28
036930,주성엔지니어링,168600.0,223.31,,13.05,755.0,,12922.0,,,,,283000.0,26200.0,196200.0,96800.0,97365.0,━ 박스권세,4.592,-0.4042,1.5846,▲ 분할매수,▲ 주도대장,▼ 소액접근,2026-08-23 07:46:28
039030,이오테크닉스,404500.0,87.1,,7.24,4644.0,,55838.0,,,,,623000.0,188700.0,449000.0,230000.0,375732.0,▲ 수급유입,0.778,-0.3507,1.2678,▲ 분할매수,▲ 주도대장,▼ 소액접근,2026-08-23 07:46:28
039490,키움증권,268000.0,6.62,4.77633,1.06,40504.0,,254008.0,,,478400.0,none,517000.0,195400.0,313000.0,243000.0,358940.0,▼ 하락추세,0.1652,-0.4816,0.8084,▼ 바닥확인,▲ 시장동행,▼ 소액접근,2026-08-23 07:46:28
042660,한화오션,84200.0,20.71,13.14179,4.18,4066.0,,20138.0,,,135571.42,none,154800.0,71300.0,99400.0,71300.0,118638.0,▼ 하락추세,0.0473,-0.4561,0.9587,▼ 바닥확인,━ 방향탐색,▼ 소액접근,2026-08-23 07:46:28
042700,한미반도체,213500.0,95.61,40.169903,29.33,2233.0,,7278.0,,,266875.0,none,426000.0,81400.0,242000.0,148900.0,228419.0,▼ 하락추세,1.4317,-0.4988,1.3382,▼ 바닥확인,▲ 주도대장,▼ 소액접근,2026-08-23 07:46:28
044490,태웅,28150.0,22.81,,0.93,1234.0,,30212.0,,,,,61300.0,19980.0,37550.0,19980.0,34310.0,▼ 하락추세,-0.1647,-0.5408,1.3391,▼ 바닥확인,▼ 자금이탈,▼ 소액접근,2026-08-23 07:46:28
047040,대우건설,15930.0,-7.26,13.70742,1.96,-2195.0,,8148.0,,,19930.77,none,40350.0,3320.0,19130.0,11080.0,14006.0,━ 박스권세,2.9676,-0.6052,1.0418,▲ 분할매수,▲ 주도대장,▼ 소액접근,2026-08-23 07:46:28
047050,포스코인터내셔널,50600.0,14.49,9.334228,1.29,3491.0,,39358.0,,,87000.0,none,91200.0,44850.0,58200.0,47400.0,61651.0,▼ 하락추세,-0.0213,-0.4452,0.6363,▼ 바닥확인,━ 방향탐색,▼ 소액접근,2026-08-23 07:46:28
051600,한전KPS,43800.0,15.86,11.709664,1.46,2761.0,,29906.0,,,61363.637,매수,69000.0,41500.0,48700.0,41500.0,53244.0,▼ 하락추세,-0.1673,-0.3652,0.8097,▼ 바닥확인,▼ 자금이탈,▼ 소액접근,2026-08-23 07:46:28
051910,LG화학,252500.0,-10.86,11.592028,0.6,-23242.0,,419617.0,,,406200.0,매수,437500.0,224000.0,282500.0,224000.0,334275.0,▼ 하락추세,-0.0734,-0.4229,0.6986,▼ 바닥확인,━ 방향탐색,▼ 소액접근,2026-08-23 07:46:28
052690,한전기술,91500.0,40.96,39.500015,5.57,2234.0,,16428.0,,,185181.81,매수,198000.0,77100.0,105700.0,77100.0,126700.0,▼ 하락추세,0.0327,-0.5379,0.9897,▼ 바닥확인,━ 방향탐색,▼ 소액접근,2026-08-23 07:46:28
053690,한미글로벌,16550.0,9.78,5.458443,0.77,1692.0,,21462.0,,,32500.0,none,34750.0,13740.0,20400.0,13740.0,20510.0,▼ 하락추세,-0.1407,-0.5237,0.9894,▼ 바닥확인,▼ 자금이탈,▼ 소액접근,2026-08-23 07:46:28
058470,리노공업,65700.0,,,,,,,,,,,129000.0,44100.0,72600.0,54000.0,85065.0,▼ 하락추세,0.314,-0.4907,0.8741,▼ 바닥확인,▲ 실적지속,▼ 소액접근,2026-08-23 07:46:28
058610,에스피지,95500.0,231.8,,8.21,412.0,,11633.0,,,,,165700.0,22950.0,123800.0,66500.0,97259.0,▼ 하락추세,2.6038,-0.4237,1.2665,▼ 바닥확인,▲ 주도대장,▼ 소액접근,2026-08-23 07:46:28
060370,LS마린솔루션,30950.0,157.11,,2.51,197.0,,12341.0,,,,,51600.0,21650.0,34800.0,22650.0,30452.0,▲ 수급유입,0.1034,-0.4002,0.9127,▲ 분할매수,▲ 시장동행,▼ 소액접근,2026-08-23 07:46:28
062040,산일전기,164800.0,33.69,18.516888,8.55,4891.0,,19269.0,,,313333.34,매수,341000.0,101700.0,197900.0,115800.0,177086.0,▼ 하락추세,0.722,-0.5167,1.0186,▼ 바닥확인,▲ 주도대장,▼ 소액접근,2026-08-23 07:46:28
064760,티씨케이,225500.0,36.57,,5.1,6167.0,,44219.0,,,,,348500.0,101300.0,259000.0,137000.0,216553.0,━ 박스권세,1.2732,-0.3529,1.0858,▲ 분할매수,▲ 주도대장,▼ 소액접근,2026-08-23 07:46:28
066970,엘앤에프,104500.0,-7.26,44.35047,5.98,-14393.0,,17482.0,,,180640.0,매수,225000.0,59200.0,114600.0,63000.0,127496.0,▼ 하락추세,0.6801,-0.5356,1.0298,▼ 바닥확인,▲ 주도대장,▼ 소액접근,2026-08-23 07:46:28
067310,하나마이크론,35000.0,60.87,,5.83,575.0,,6007.0,,,,,58500.0,11540.0,43350.0,24600.0,34334.0,━ 박스권세,2.1418,-0.4017,1.1835,▲ 분할매수,▲ 주도대장,▼ 소액접근,2026-08-23 07:46:28
069500,KODEX 200,107180.0,,,,,,,,,,,117898.00000000001,96462.0,157500.0,142500.0,90238.0,상승추세 (Bull),1.5735,-0.2786,0.9182,▲ 분할매수,▲ 주도대장,▼ 소액접근,2026-08-29 17:48:08
071050,한국금융지주,184500.0,5.62,4.561279,0.9,32808.0,,205667.0,,,320250.0,매수,300500.0,124900.0,218500.0,172400.0,211468.0,▼ 하락추세,0.2391,-0.386,0.7745,▼ 바닥확인,▲ 실적지속,▼ 소액접근,2026-08-23 07:46:28
071970,HD현대마린엔진,49700.0,10.21,9.125964,3.45,4867.0,,14413.0,,,111500.0,적극매수,118200.0,46500.0,70000.0,46500.0,78652.0,▼ 하락추세,-0.0178,-0.5795,1.0205,▼ 바닥확인,━ 방향탐색,▼ 소액접근,2026-08-23 07:46:28
075580,세진중공업,10110.0,11.35,9.787028,2.52,891.0,,4019.0,,,22000.0,none,27400.0,8500.0,13740.0,8500.0,16738.0,▼ 하락추세,-0.0682,-0.631,0.8524,▼ 바닥확인,━ 방향탐색,▼ 소액접근,2026-08-23 07:46:28
077970,STX엔진,23450.0,12.68,,2.74,1850.0,,8545.0,,,,none,67700.0,18830.0,30850.0,18830.0,34886.0,▼ 하락추세,0.1696,-0.6536,1.0197,▼ 바닥확인,▲ 시장동행,▼ 소액접근,2026-08-23 07:46:28
078600,대주전자재료,82900.0,62.1,,4.95,1335.0,,16760.0,,,,,183300.0,58900.0,99100.0,59100.0,97752.0,▼ 하락추세,0.0724,-0.5477,1.0335,▼ 바닥확인,▲ 시장동행,▼ 소액접근,2026-08-23 07:46:28
078930,GS,116200.0,13.78,9.385915,0.75,8434.0,,155303.0,,,117671.43,매수,121200.0,43650.0,121200.0,69500.0,70097.0,▲ 수급유입,1.1966,-0.0413,0.7182,▲ 추세탑승,▲ 주도대장,▼ 소액접근,2026-08-23 07:46:28
080220,제주반도체,73500.0,64.08,,10.9,1147.0,,6742.0,,,,,138000.0,13600.0,94800.0,49450.0,53398.0,━ 박스권세,3.5909,-0.4674,1.4564,▲ 분할매수,▲ 주도대장,▼ 소액접근,2026-08-23 07:46:28
082740,한화엔진,44100.0,21.18,13.073769,6.62,2082.0,,6666.0,,,90714.29,none,94400.0,35800.0,52000.0,35800.0,52017.0,▼ 하락추세,0.6333,-0.5328,0.9673,▼ 바닥확인,▲ 주도대장,▼ 소액접근,2026-08-23 07:46:28
083650,비에이치아이,56500.0,26.82,,9.84,2107.0,,5739.0,,,,,114200.0,33150.0,66700.0,33150.0,67871.0,▼ 하락추세,0.5027,-0.5053,1.2461,▼ 바닥확인,▲ 주도대장,▼ 소액접근,2026-08-23 07:46:28
084370,유진테크,128500.0,69.35,,6.31,1853.0,,20368.0,,,,,231500.0,44500.0,140400.0,86100.0,117955.0,━ 박스권세,1.7965,-0.4449,1.4656,▲ 분할매수,▲ 주도대장,▼ 소액접근,2026-08-23 07:46:28
086390,유니테스트,9850.0,-10.01,,2.06,-984.0,,4773.0,,,,,23700.0,6030.0,11610.0,6030.0,14991.0,▼ 하락추세,-0.1792,-0.5844,1.1307,▼ 바닥확인,▼ 자금이탈,▼ 소액접근,2026-08-23 07:46:28
086520,에코프로,81700.0,-74.07,,5.59,-1103.0,,14608.0,,,,,190000.0,45550.0,95800.0,63400.0,118578.0,▼ 하락추세,0.6863,-0.57,1.0348,▼ 바닥확인,▲ 주도대장,▼ 소액접근,2026-08-23 07:46:28
086790,하나금융지주,128800.0,9.13,7.16371,0.78,14110.0,,164776.0,,,162809.53,적극매수,142500.0,80500.0,134900.0,117600.0,112142.0,▲ 수급유입,0.4077,-0.0961,0.4819,▲ 상승유지,▲ 실적지속,▼ 비중조절,2026-08-23 07:46:28
089030,테크윙,48400.0,192.06,,8.04,252.0,,6018.0,,,,,74000.0,26650.0,51700.0,31625.0,51085.0,▼ 하락추세,0.6632,-0.3459,1.3063,▼ 하락관망,▲ 주도대장,▼ 소액접근,2026-08-23 07:46:28
089970,브이엠,58100.0,57.07,,8.51,1018.0,,6824.0,,,,,122100.0,10500.0,81300.0,49800.0,50105.0,━ 박스권세,4.2201,-0.5242,1.622,▲ 분할매수,▲ 주도대장,▼ 소액접근,2026-08-23 07:46:28
090710,휴림로봇,6630.0,-44.8,,6.21,-148.0,,1068.0,,,,,26600.0,2370.0,8040.0,5500.0,9841.0,▼ 하락추세,1.1387,-0.7508,0.921,▼ 바닥확인,▲ 주도대장,▼ 소액접근,2026-08-23 07:46:28
091170,KODEX 은행,15590.0,,,,,,,,,,,17725.0,11140.0,16600.0,14651.0,14346.0,▲ 수급유입,0.3376,-0.1205,0.4279,▲ 상승유지,▲ 실적지속,▼ 비중조절,2026-08-23 07:46:28
091180,KODEX 자동차,28885.0,,,,,,,,,,,42670.0,18790.0,32085.0,24800.0,29742.0,▼ 하락추세,0.5011,-0.3231,0.5656,▼ 하락관망,▲ 주도대장,▼ 비중조절,2026-08-23 07:46:28
093370,후성,11940.0,238.8,17.847534,3.83,50.0,,3118.0,,,20000.0,매수,23550.0,5450.0,14740.0,6780.0,10244.0,━ 박스권세,1.4927,-0.493,1.57,▲ 분할매수,▲ 주도대장,▼ 소액접근,2026-08-23 07:46:28
094820,일진파워,11040.0,8.97,,1.13,1231.0,,9773.0,,,,,24500.0,9010.0,13500.0,9010.0,14373.0,▼ 하락추세,-0.066,-0.5494,0.8559,▼ 바닥확인,━ 방향탐색,▼ 소액접근,2026-08-23 07:46:28
095340,ISC,154300.0,58.27,,5.88,2648.0,,26223.0,,,,,292500.0,55100.0,182400.0,103100.0,163600.0,▼ 하락추세,1.5089,-0.4725,1.0859,▼ 바닥확인,▲ 주도대장,▼ 소액접근,2026-08-23 07:46:28
095610,테스,132900.0,46.07,,6.02,2885.0,,22090.0,,,,,236500.0,27950.0,157500.0,97900.0,90888.0,━ 박스권세,4.0246,-0.4381,1.5799,▲ 분할매수,▲ 주도대장,▼ 소액접근,2026-08-23 07:46:28
096770,SK이노베이션,124800.0,-5.93,14.692415,0.96,-21056.0,,129848.0,,,145000.0,매수,155400.0,87700.0,135800.0,104000.0,115838.0,▲ 수급유입,0.0996,-0.1969,0.7513,▲ 상승유지,▲ 시장동행,▼ 소액접근,2026-08-23 07:46:28
098460,고영,28300.0,131.63,,5.57,215.0,,5079.0,,,,,45000.0,13550.0,33100.0,21100.0,29165.0,▼ 하락추세,0.8618,-0.3711,1.1581,▼ 바닥확인,▲ 주도대장,▼ 소액접근,2026-08-23 07:46:28
100090,SK오션플랜트,13030.0,20.85,20.592651,1.0,625.0,,13037.0,,,23400.0,매수,31600.0,11010.0,20850.0,11010.0,18949.0,▼ 하락추세,-0.3249,-0.5877,1.2537,▼ 바닥확인,▼ 자금이탈,▼ 소액접근,2026-08-23 07:46:28
100130,동국S&C,1304.0,-44.97,,0.39,-29.0,,3331.0,,,,,2795.0,1229.0,1595.0,1229.0,1949.0,▼ 하락추세,-0.5511,-0.5335,0.6518,▼ 바닥확인,▼ 자금이탈,▼ 소액접근,2026-08-23 07:46:28
100840,SNT에너지,25900.0,6.35,5.448585,1.4,4080.0,,18458.0,,,61666.668,none,67900.0,21200.0,29600.0,21200.0,40465.0,▼ 하락추세,-0.3075,-0.6186,0.8149,▼ 바닥확인,▼ 자금이탈,▼ 소액접근,2026-08-23 07:46:28
101490,에스앤에스텍,40650.0,14.96,,2.79,2718.0,,14549.0,,,,,108400.0,31900.0,47100.0,31900.0,66646.0,▼ 하락추세,-0.1514,-0.625,0.9525,▼ 바닥확인,▼ 자금이탈,▼ 소액접근,2026-08-23 07:46:28
102960,KODEX 기계장비,12805.0,,,,,,,,,,,22000.0,10500.0,14325.0,10500.0,15718.0,▼ 하락추세,0.2074,-0.418,0.6835,▼ 바닥확인,▲ 실적지속,▼ 소액접근,2026-08-23 07:46:28
102970,KODEX 증권,18220.0,,,,,,,,,,,34170.0,12285.0,20460.0,16162.0,21518.0,▼ 하락추세,0.3023,-0.4668,0.7002,▼ 바닥확인,▲ 실적지속,▼ 소액접근,2026-08-23 07:46:28
103590,일진전기,65600.0,30.11,16.047752,5.31,2179.0,,12347.0,,,114200.0,매수,147900.0,33500.0,76300.0,45000.0,74034.0,▼ 하락추세,0.6462,-0.5565,0.9876,▼ 바닥확인,▲ 주도대장,▼ 소액접근,2026-08-23 07:46:28
105840,우진,11910.0,27.7,14.246411,1.21,430.0,,9841.0,,,32000.0,none,31700.0,10000.0,15850.0,10330.0,20077.0,▼ 하락추세,0.1746,-0.6243,0.9373,▼ 바닥확인,▲ 시장동행,▼ 소액접근,2026-08-23 07:46:28
107640,한중엔시에스,32550.0,73.31,,3.16,444.0,,10316.0,,,,,73000.0,23200.0,38400.0,23200.0,46877.0,▼ 하락추세,0.21,-0.5541,0.9686,▼ 바닥확인,▲ 실적지속,▼ 소액접근,2026-08-23 07:46:28
108320,LX세미콘,36950.0,7.27,8.617928,0.53,5081.0,,69207.0,,,46500.0,none,67300.0,29500.0,42600.0,29500.0,50095.0,▼ 하락추세,-0.4359,-0.451,0.7307,▼ 바닥확인,▼ 자금이탈,▼ 소액접근,2026-08-23 07:46:28
108490,로보티즈,254000.0,673.74,,11.7,377.0,,21707.0,,,,,464000.0,75600.0,306000.0,155000.0,262900.0,▼ 하락추세,2.1654,-0.4526,1.2726,▼ 바닥확인,▲ 주도대장,▼ 소액접근,2026-08-23 07:46:28
112610,씨에스윈드,46550.0,56.56,8.574251,1.67,823.0,,27826.0,,,69142.86,매수,79400.0,34500.0,49300.0,34500.0,48179.0,▼ 하락추세,-0.0075,-0.4137,0.9733,▼ 바닥확인,━ 방향탐색,▼ 소액접근,2026-08-23 07:46:28
117460,KODEX 에너지화학,13270.0,,,,,,,,,,,19370.0,10825.0,14480.0,11021.0,14604.0,▼ 하락추세,0.1466,-0.3149,0.5731,▼ 하락관망,▲ 시장동행,▼ 비중조절,2026-08-23 07:46:28
117700,KODEX 건설,6235.0,,,,,,,,,,,10085.0,3695.0,7020.0,4870.0,6164.0,━ 박스권세,0.4723,-0.3818,0.7775,▲ 분할매수,▲ 실적지속,▼ 소액접근,2026-08-23 07:46:28
121600,나노신소재,46500.0,347.01,,2.24,134.0,,20762.0,,,,,95300.0,33200.0,52200.0,33200.0,60086.0,▼ 하락추세,-0.1075,-0.5121,0.8779,▼ 바닥확인,▼ 자금이탈,▼ 소액접근,2026-08-23 07:46:28
126340,비나텍,62100.0,-69.93,,5.24,-888.0,,11841.0,,,,,204500.0,31500.0,81900.0,43200.0,98640.0,▼ 하락추세,1.1127,-0.6963,1.4928,▼ 바닥확인,▲ 주도대장,▼ 소액접근,2026-08-23 07:46:28
126720,수산인더스트리,20800.0,6.08,,0.53,3423.0,,39100.0,,,,none,36400.0,19430.0,24150.0,19430.0,24657.0,▼ 하락추세,-0.1369,-0.4286,0.5,▼ 바닥확인,▼ 자금이탈,▼ 비중조절,2026-08-23 07:46:28
130660,한전산업,10880.0,87.04,,3.44,125.0,,3167.0,,,,none,27800.0,8810.0,12300.0,8810.0,14569.0,▼ 하락추세,-0.154,-0.6086,0.704,▼ 바닥확인,▼ 자금이탈,▼ 소액접근,2026-08-23 07:46:28
131970,두산테스나,76900.0,40.41,,3.38,1903.0,,22749.0,,,,,196900.0,33700.0,87400.0,50600.0,85396.0,▼ 하락추세,1.6701,-0.6094,1.2611,▼ 바닥확인,▲ 주도대장,▼ 소액접근,2026-08-23 07:46:28
137400,피엔티,27900.0,9.65,,1.02,2890.0,,27402.0,,,,,62000.0,23000.0,33800.0,23000.0,42990.0,▼ 하락추세,-0.1468,-0.55,0.7905,▼ 바닥확인,▼ 자금이탈,▼ 소액접근,2026-08-23 07:46:28
138930,BNK금융지주,14310.0,5.57,4.785844,0.41,2570.0,,34780.0,,,21746.666,매수,23050.0,13650.0,18540.0,14010.0,17007.0,▼ 하락추세,-0.0856,-0.3792,0.4754,▼ 바닥확인,━ 방향탐색,▼ 비중조절,2026-08-23 07:46:28
139130,iM금융지주,17180.0,6.37,5.0726333,0.44,2696.0,,38725.0,,,22293.334,매수,22000.0,13050.0,18820.0,15060.0,16693.0,━ 박스권세,0.1703,-0.2191,0.4381,▲ 분할매수,▲ 시장동행,▼ 비중조절,2026-08-23 07:46:28
139240,TIGER 200 철강소재,10515.0,,,,,,,,,,,16980.0,8515.0,11255.0,8515.0,12719.0,▼ 하락추세,-0.1654,-0.3807,0.5659,▼ 바닥확인,▼ 자금이탈,▼ 비중조절,2026-08-23 07:46:28
139260,TIGER 200 IT,136700.0,,,,,,,,,,,214365.0,31600.0,149545.0,96557.0,102032.0,━ 박스권세,3.2456,-0.3623,1.1616,▲ 분할매수,▲ 주도대장,▼ 소액접근,2026-08-23 07:46:28
140700,KODEX 보험,21170.0,,,,,,,,,,,22300.0,11535.0,21170.0,17280.0,15771.0,▲ 수급유입,0.7595,-0.0507,0.5108,▲ 추세탑승,▲ 주도대장,▼ 비중조절,2026-08-23 07:46:28
157500,TIGER 증권,12400.0,,,,,,,,,,,23620.0,8350.0,13965.0,11078.0,14533.0,▼ 하락추세,0.3265,-0.475,0.713,▼ 바닥확인,▲ 실적지속,▼ 소액접근,2026-08-23 07:46:28
161510,PLUS 고배당주,24700.0,,,,,,,,,,,30380.0,18990.0,25670.0,22817.0,24163.0,━ 박스권세,0.2622,-0.187,0.3196,━ 눌림지지,▲ 실적지속,━ 정상비중,2026-08-23 07:46:28
161580,필옵틱스,26400.0,-35.87,,5.31,-736.0,,4970.0,,,,,64900.0,19380.0,30750.0,19380.0,42050.0,▼ 하락추세,-0.2269,-0.5932,0.9903,▼ 바닥확인,▼ 자금이탈,▼ 소액접근,2026-08-23 07:46:28
166090,하나머티리얼즈,53400.0,27.53,,2.22,1940.0,,24038.0,,,,,87900.0,23450.0,66000.0,40200.0,57422.0,▼ 하락추세,1.1233,-0.3925,1.0821,▼ 바닥확인,▲ 주도대장,▼ 소액접근,2026-08-23 07:46:28
175330,JB금융지주,26600.0,7.21,6.1176653,0.84,3688.0,,31745.0,,,36516.668,매수,38500.0,21700.0,29600.0,25500.0,26837.0,▼ 하락추세,0.12,-0.3091,0.5835,▼ 하락관망,▲ 시장동행,▼ 비중조절,2026-08-23 07:46:28
178320,서진시스템,36250.0,-20.14,,2.76,-1800.0,,13127.0,,,,,83300.0,18500.0,41400.0,27300.0,42375.0,▼ 하락추세,0.7262,-0.5648,1.1668,▼ 바닥확인,▲ 주도대장,▼ 소액접근,2026-08-23 07:46:28
183300,코미코,27700.0,11.41,,2.07,2427.0,,13402.0,,,,,191600.0,25800.0,28300.0,21238.0,25661.0,━ 박스권세,1.0816,-0.8554,1.2928,▲ 분할매수,▲ 주도대장,▼ 소액접근,2026-08-23 07:46:28
204320,HL만도,51500.0,24.18,9.795739,0.89,2130.0,,57793.0,,,69730.766,매수,79100.0,32150.0,58000.0,37600.0,53290.0,▼ 하락추세,0.4714,-0.3489,1.0218,▼ 하락관망,▲ 실적지속,▼ 소액접근,2026-08-23 07:46:28
213420,덕산네오룩스,31850.0,14.87,,1.73,2142.0,,18395.0,,,,,57300.0,24500.0,37550.0,24500.0,39903.0,▼ 하락추세,-0.2067,-0.4442,0.7996,▼ 바닥확인,▼ 자금이탈,▼ 소액접근,2026-08-23 07:46:28
218410,RFHIC,47150.0,43.58,,3.52,1082.0,,13376.0,,,,,126900.0,23850.0,58000.0,34700.0,59264.0,▼ 하락추세,0.6544,-0.6284,1.0882,▼ 바닥확인,▲ 주도대장,▼ 소액접근,2026-08-23 07:46:28
222080,SFA넥셀,7490.0,20.19,,1.14,371.0,,6562.0,,,,,19880.0,5690.0,8470.0,5690.0,10168.0,▼ 하락추세,-0.0145,-0.6232,0.7752,▼ 바닥확인,━ 방향탐색,▼ 소액접근,2026-08-23 07:46:28
222800,심텍,99700.0,-20.12,,6.47,-4955.0,,15419.0,,,,,164200.0,22900.0,124000.0,61500.0,77264.0,━ 박스권세,2.988,-0.3928,1.4901,▲ 분할매수,▲ 주도대장,▼ 소액접근,2026-08-23 07:46:28
226490,KODEX 코스피,70890.0,,,,,,,,,,,96395.0,32040.0,74045.0,54061.0,60689.0,━ 박스권세,1.1957,-0.2646,0.7966,▲ 분할매수,▲ 주도대장,▼ 소액접근,2026-08-23 07:46:28
228800,TIGER 여행레저,2565.0,,,,,,,,,,,3910.0,2335.0,2660.0,2335.0,3175.0,▼ 하락추세,-0.3223,-0.344,0.3827,▼ 하락관망,▼ 자금이탈,▼ 비중조절,2026-08-23 07:46:28
229200,KODEX 코스닥150,13810.0,,,,,,,,,,,21725.0,10430.0,15220.0,10430.0,17056.0,▼ 하락추세,0.0077,-0.3643,0.7699,▼ 바닥확인,━ 방향탐색,▼ 소액접근,2026-08-23 07:46:28
229640,LS에코에너지,42650.0,31.04,22.201979,6.18,1374.0,,6898.0,,,65920.0,none,109800.0,32000.0,51700.0,32000.0,48697.0,▼ 하락추세,0.2065,-0.6116,1.1287,▼ 바닥확인,▲ 실적지속,▼ 소액접근,2026-08-23 07:46:28
232140,와이씨,9970.0,42.43,,2.22,235.0,,4490.0,,,,,24150.0,6820.0,11500.0,6820.0,15825.0,▼ 하락추세,-0.1208,-0.5872,1.0159,▼ 바닥확인,▼ 자금이탈,▼ 소액접근,2026-08-23 07:46:28
240810,원익IPS,107900.0,63.03,,5.41,1712.0,,19936.0,,,,,187800.0,37150.0,124500.0,74100.0,104560.0,━ 박스권세,2.7207,-0.4255,1.6968,▲ 분할매수,▲ 주도대장,▼ 소액접근,2026-08-23 07:46:28
244580,KODEX 바이오,8295.0,,,,,,,,,,,14330.0,6775.0,9565.0,6775.0,11357.0,▼ 하락추세,-0.1579,-0.4211,0.6877,▼ 바닥확인,▼ 자금이탈,▼ 소액접근,2026-08-23 07:46:28
247540,에코프로비엠,105600.0,262.03,,5.97,403.0,,17677.0,,,,,260000.0,88300.0,120200.0,88300.0,170132.0,▼ 하락추세,-0.0588,-0.5938,0.9105,▼ 바닥확인,━ 방향탐색,▼ 소액접근,2026-08-23 07:46:28
264900,크라운제과,8150.0,,,,,,,,,,none,10160.0,7560.0,8650.0,7800.0,8522.0,▼ 하락추세,-0.1412,-0.1978,0.287,▼ 하락관망,▼ 자금이탈,━ 정상비중,2026-08-23 07:46:28
267260,HD현대일렉트릭,718000.0,35.33,20.829412,12.74,20324.0,,56366.0,,,1197558.4,매수,1430000.0,454000.0,870000.0,538000.0,928160.0,▼ 하락추세,0.4881,-0.4979,0.9037,▼ 바닥확인,▲ 실적지속,▼ 소액접근,2026-08-23 07:46:28
277810,레인보우로보틱스,454000.0,6219.18,,65.81,73.0,,6899.0,,,,,979000.0,253000.0,521000.0,363500.0,564240.0,▼ 하락추세,0.6569,-0.5363,1.0311,▼ 바닥확인,▲ 주도대장,▼ 소액접근,2026-08-23 07:46:28
281820,케이씨텍,63800.0,24.75,10.458159,2.37,2578.0,,26877.0,,,99500.0,none,124800.0,30850.0,85100.0,53500.0,56887.0,━ 박스권세,1.3285,-0.4888,1.4665,▲ 분할매수,▲ 주도대장,▼ 소액접근,2026-08-23 07:46:28
284430,KODEX 200미국채혼합50,21130.0,,,,,,,,,,,25670.0,14340.0,21790.0,18512.0,19878.0,━ 박스권세,0.5063,-0.1769,0.4524,━ 눌림지지,▲ 주도대장,▼ 비중조절,2026-08-23 07:46:28
285A.T,키오시아홀딩스,54320.0,53.76355,,12.381112,1010.35,,4387.328,,,111431.25,매수,112700.0,2367.0,63350.0,36020.0,36057.32,━ 눌림조정,20.2686,-0.518,1.3847,▲ 분할매수,▲ 주도대장,▼ 소액접근,2026-08-23 07:46:55
292190,KODEX KRX300,48615.0,,,,,,,,,,,66940.0,19775.0,50625.0,36281.0,40628.0,━ 박스권세,1.43,-0.2738,0.8855,▲ 분할매수,▲ 주도대장,▼ 소액접근,2026-08-23 07:46:28
297090,씨에스베어링,3760.0,9.13,,1.02,412.0,,3703.0,,,,,9600.0,3050.0,4290.0,3050.0,5994.0,▼ 하락추세,-0.4659,-0.6083,0.9987,▼ 바닥확인,▼ 자금이탈,▼ 소액접근,2026-08-23 07:46:28
298040,효성중공업,2721000.0,48.8,22.064322,10.77,55755.0,,252555.0,,,4231533.0,적극매수,4742000.0,1101000.0,3058000.0,1834000.0,2728650.0,▼ 하락추세,1.5718,-0.4262,1.0816,▼ 바닥확인,▲ 주도대장,▼ 소액접근,2026-08-23 07:46:28
299030,하나기술,13070.0,-18.0,,1.04,-726.0,,12570.0,,,,,35850.0,9250.0,15900.0,9250.0,24764.0,▼ 하락추세,-0.4391,-0.6354,0.9359,▼ 바닥확인,▼ 자금이탈,▼ 소액접근,2026-08-23 07:46:28
305540,TIGER 2차전지테마,17360.0,,,,,,,,,,,28500.0,14015.0,18795.0,14015.0,20268.0,▼ 하락추세,0.1754,-0.3909,0.7185,▼ 바닥확인,▲ 시장동행,▼ 소액접근,2026-08-23 07:46:28
305720,KODEX 2차전지산업,13705.0,,,,,,,,,,,22860.0,11055.0,14885.0,11055.0,16377.0,▼ 하락추세,0.1704,-0.4005,0.7342,▼ 바닥확인,▲ 시장동행,▼ 소액접근,2026-08-23 07:46:28
307950,현대오토에버,448000.0,67.33,46.220863,6.65,6654.0,,67357.0,,,521461.53,매수,1066000.0,147600.0,508000.0,305000.0,428440.0,━ 박스권세,1.735,-0.5797,1.1192,▲ 분할매수,▲ 주도대장,▼ 소액접근,2026-08-23 07:46:28
316140,우리금융지주,31750.0,7.52,6.425706,0.65,4221.0,,49068.0,,,42210.527,적극매수,41500.0,23750.0,34850.0,30100.0,30971.0,▲ 수급유입,0.2777,-0.2349,0.413,▲ 분할매수,▲ 실적지속,▼ 비중조절,2026-08-23 07:46:28
319660,피에스케이,122200.0,45.06,,6.57,2712.0,,18606.0,,,,,219500.0,19650.0,158700.0,98000.0,86744.0,━ 박스권세,5.0495,-0.4433,1.4932,▲ 분할매수,▲ 주도대장,▼ 소액접근,2026-08-23 07:46:28
322000,HD현대에너지솔루션,125400.0,33.7,11.367448,3.36,3721.0,,37302.0,,,212500.0,none,256000.0,41300.0,212500.0,95000.0,112818.0,━ 박스권세,1.7621,-0.5102,1.2978,▲ 분할매수,▲ 주도대장,▼ 소액접근,2026-08-23 07:46:28
323280,태성,48450.0,-570.0,,11.54,-85.0,,4199.0,,,,,94000.0,23000.0,56400.0,23800.0,52883.0,▼ 하락추세,0.7554,-0.4846,1.4181,▼ 바닥확인,▲ 주도대장,▼ 소액접근,2026-08-23 07:46:28
329180,HD현대중공업,453000.0,28.85,12.690224,5.09,15702.0,,89025.0,,,822409.06,적극매수,765000.0,411500.0,542000.0,411500.0,566910.0,▼ 하락추세,0.1171,-0.4078,0.6115,▼ 바닥확인,▲ 시장동행,▼ 소액접근,2026-08-23 07:46:28
336260,두산퓨얼셀,37000.0,-22.8,-894.20667,8.24,-1623.0,,4491.0,,,52428.57,none,108900.0,18230.0,47400.0,18230.0,45228.0,▼ 하락추세,0.6518,-0.6602,1.4972,▼ 바닥확인,▲ 주도대장,▼ 소액접근,2026-08-23 07:46:28
348210,넥스틴,33050.0,-140.64,,2.24,-235.0,,14724.0,,,,,100400.0,24800.0,38450.0,24800.0,64165.0,▼ 하락추세,-0.3107,-0.6708,0.9983,▼ 바닥확인,▼ 자금이탈,▼ 소액접근,2026-08-23 07:46:28
348340,뉴로메카,19530.0,-16.72,,27.01,-1168.0,,723.0,,,,,139000.0,18920.0,27500.0,14700.0,32905.0,▼ 하락추세,0.3195,-0.8595,0.9574,▼ 바닥확인,▲ 실적지속,▼ 소액접근,2026-08-23 07:46:28
348370,엔켐,17770.0,-5.64,,0.82,-3152.0,,21543.0,,,,,105000.0,14020.0,27900.0,14020.0,50487.0,▼ 하락추세,-0.6978,-0.8308,1.345,▼ 바닥확인,▼ 자금이탈,▼ 소액접근,2026-08-23 07:46:28
353200,대덕전자,104300.0,112.88,16.591255,5.99,924.0,,17419.0,,,176200.0,적극매수,198000.0,21300.0,125900.0,71800.0,87749.0,━ 박스권세,4.1379,-0.4732,1.3187,▲ 분할매수,▲ 주도대장,▼ 소액접근,2026-08-23 07:46:28
357780,솔브레인,326000.0,32.07,,2.36,10164.0,,137853.0,,,,,530000.0,200000.0,342500.0,215500.0,350608.0,▼ 하락추세,0.5487,-0.3849,1.0283,▼ 바닥확인,▲ 주도대장,▼ 소액접근,2026-08-23 07:46:28
360750,TIGER 미국S&P500,26295.0,,,,,,,,,,,29000.0,21995.0,27495.0,26105.0,25825.0,━ 박스권세,0.2168,-0.0933,0.1605,━ 눌림지지,▲ 실적지속,▲ 비중확대,2026-08-23 07:46:28
361610,SK아이이테크놀로지,13950.0,-4.98,-10.149755,0.44,-2799.0,,31808.0,,,22923.076,none,35100.0,11840.0,16100.0,11840.0,22809.0,▼ 하락추세,-0.5214,-0.6026,0.9067,▼ 바닥확인,▼ 자금이탈,▼ 소액접근,2026-08-23 07:46:28
364970,TIGER 바이오TOP10,7690.0,,,,,,,,,,,9765.0,6070.0,8250.0,6275.0,8157.0,▼ 하락추세,-0.0867,-0.2125,0.5556,▼ 하락관망,━ 방향탐색,▼ 비중조절,2026-08-23 07:46:28
373220,LG에너지솔루션,343500.0,-74.92,44.087154,3.98,-4585.0,,86391.0,,,486800.0,매수,527000.0,290500.0,371500.0,290500.0,399680.0,▼ 하락추세,0.0651,-0.3482,0.8079,▼ 하락관망,▲ 시장동행,▼ 소액접근,2026-08-23 07:46:28
375500,DL이앤씨,68200.0,7.91,5.809379,0.54,8625.0,,126050.0,,,91071.43,none,106600.0,38450.0,76500.0,49300.0,60308.0,▲ 수급유입,0.375,-0.3602,0.8617,▲ 분할매수,▲ 실적지속,▼ 소액접근,2026-08-23 07:46:28
377990,TIGER Fn신재생에너지,23160.0,,,,,,,,,,,39530.0,13300.0,25695.0,16690.0,24241.0,▼ 하락추세,0.7147,-0.4141,0.9083,▼ 바닥확인,▲ 주도대장,▼ 소액접근,2026-08-23 07:46:28
379800,TIGER 미국테크TOP10 INDXX,23890.0,,,,,,,,,,,26279.000000000004,21501.0,24985.0,23730.0,23468.0,상승추세 (Bull),0.2178,-0.0957,0.1563,━ 눌림지지,▲ 실적지속,▲ 비중확대,2026-08-29 17:48:08
379810,KODEX 미국나스닥100,26875.0,,,,,,,,,,,31275.0,21425.0,28290.0,25945.0,26118.0,━ 박스권세,0.2654,-0.1407,0.2468,━ 눌림지지,▲ 실적지속,━ 정상비중,2026-08-23 07:46:28
381180,TIGER 미국필라델피아반도체나스닥,42860.0,,,,,,,,,,,58950.0,20375.0,47747.0,38955.0,36900.0,━ 박스권세,1.0483,-0.2729,0.6048,▲ 분할매수,▲ 주도대장,▼ 소액접근,2026-08-23 07:46:28
382900,범한퓨얼셀,16140.0,88.68,,0.86,182.0,,18795.0,,,,,44200.0,11810.0,20550.0,11810.0,27772.0,▼ 하락추세,-0.0798,-0.6348,1.2049,▼ 바닥확인,━ 방향탐색,▼ 소액접근,2026-08-23 07:46:28
388050,지투파워,8750.0,29.46,,3.89,297.0,,2252.0,,,,,18460.0,5350.0,11450.0,5350.0,9641.0,▼ 하락추세,-0.0458,-0.526,1.0997,▼ 바닥확인,━ 방향탐색,▼ 소액접근,2026-08-23 07:46:28
388720,유일로보틱스,67500.0,-79.79,,8.14,-846.0,,8297.0,,,,,155000.0,53800.0,77800.0,53800.0,89730.0,▼ 하락추세,-0.0816,-0.5645,0.8943,▼ 바닥확인,━ 방향탐색,▼ 소액접근,2026-08-23 07:46:28
389260,대명에너지,12680.0,15.71,,1.38,807.0,,9190.0,,,,,27600.0,10590.0,18040.0,10590.0,18346.0,▼ 하락추세,-0.5037,-0.5406,1.1122,▼ 바닥확인,▼ 자금이탈,▼ 소액접근,2026-08-23 07:46:28
395160,KODEX AI반도체TOP2플러스,40285.0,,,,,,,,,,,64125.0,10320.0,43590.0,27925.0,30870.0,━ 박스권세,2.8041,-0.3718,1.1807,▲ 분할매수,▲ 주도대장,▼ 소액접근,2026-08-23 07:46:28
396500,TIGER 반도체TOP10,36470.0,,,,,,,,,,,56645.0,11285.0,38775.0,25055.0,32699.0,━ 박스권세,2.0686,-0.3562,1.1489,▲ 분할매수,▲ 주도대장,▼ 소액접근,2026-08-23 07:46:28
399720,가온칩스,45000.0,-36.32,,9.55,-1239.0,,4714.0,,,,,83200.0,34950.0,52000.0,39950.0,56150.0,▼ 하락추세,,-0.4591,1.4404,▼ 바닥확인,━ 방향탐색,▼ 소액접근,2026-08-23 07:46:28
402340,SK스퀘어,1123000.0,16.9,2.6521394,5.36,66468.0,,209564.0,,,1824000.0,적극매수,2189000.0,131500.0,1265000.0,768000.0,763988.0,━ 박스권세,5.9969,-0.487,1.3624,▲ 분할매수,▲ 주도대장,▼ 소액접근,2026-08-23 07:46:28
403870,HPSP,44900.0,,,,,,,,,,,92000.0,24700.0,49300.0,27450.0,42077.0,━ 박스권세,0.7236,-0.512,1.4405,▲ 분할매수,▲ 주도대장,▼ 소액접근,2026-08-23 07:46:28
4062.T,이비덴,19190.0,89.28489,62.111603,9.410387,214.93,308.96,2039.236,0.1,,24850.0,매수,27480.0,3412.5,22515.0,12980.0,12240.12,━ 눌림조정,5.6173,-0.3017,1.2706,▲ 분할매수,▲ 주도대장,▼ 소액접근,2026-08-23 07:46:55
411060,ACE KRX금현물,28450.0,,,,,,,,,,,37890.0,21015.0,28450.0,25675.0,29782.0,▼ 하락추세,0.3541,-0.2491,0.2655,▼ 하락관망,▲ 실적지속,━ 정상비중,2026-08-23 07:46:28
437730,삼현,33150.0,101.07,,7.95,328.0,,4168.0,,,,,76900.0,11410.0,42950.0,29750.0,47186.0,▼ 하락추세,1.5698,-0.5689,1.1978,▼ 바닥확인,▲ 주도대장,▼ 소액접근,2026-08-23 07:46:28
439260,대한조선,49050.0,6.71,6.3982153,1.73,7310.0,,28354.0,,,116875.0,none,109700.0,42100.0,57500.0,43700.0,70780.0,▼ 하락추세,-0.4692,-0.5529,0.611,▼ 바닥확인,▼ 자금이탈,▼ 소액접근,2026-08-23 07:46:28
440110,파두,61900.0,-40.46,,158.31,-1530.0,,391.0,,,,,129400.0,11180.0,75300.0,46950.0,56459.0,━ 박스권세,4.0821,-0.5216,1.2584,▲ 분할매수,▲ 주도대장,▼ 소액접근,2026-08-23 07:46:28
442580,PLUS 글로벌HBM반도체,103600.0,,,,,,,,,,,153355.0,19755.0,111050.0,79025.0,74674.0,━ 박스권세,4.0438,-0.3244,1.0625,▲ 분할매수,▲ 주도대장,▼ 소액접근,2026-08-23 07:46:28
443060,HD현대마린솔루션,197700.0,32.88,20.914633,10.75,6013.0,,18396.0,,,310666.66,none,287000.0,158000.0,217500.0,175000.0,202721.0,▼ 하락추세,0.1107,-0.3111,0.6359,▼ 하락관망,▲ 시장동행,▼ 소액접근,2026-08-23 07:46:28
448900,한국피아이엠,52700.0,-5855.56,,5.55,-9.0,,9488.0,,,,,178400.0,11300.0,74700.0,43750.0,75286.0,▼ 하락추세,2.9894,-0.7046,1.3839,▼ 바닥확인,▲ 주도대장,▼ 소액접근,2026-08-23 07:46:28
449450,PLUS K방산,52320.0,,,,,,,,,,,88030.0,42500.0,59520.0,42500.0,63300.0,▼ 하락추세,0.0385,-0.4057,0.7661,▼ 바닥확인,━ 방향탐색,▼ 소액접근,2026-08-23 07:46:28
450080,에코프로머티,34250.0,-55.42,21.366188,3.24,-618.0,,10577.0,,,,none,88800.0,27100.0,40650.0,27100.0,58672.0,▼ 하락추세,-0.3489,-0.6143,0.8715,▼ 바닥확인,▼ 자금이탈,▼ 소액접근,2026-08-23 07:46:28
454910,두산로보틱스,70900.0,-82.83,-230.86058,13.18,-856.0,,5378.0,,,103666.664,none,170000.0,54200.0,82000.0,54200.0,90080.0,▼ 하락추세,0.1528,-0.5829,1.1364,▼ 바닥확인,▲ 시장동행,▼ 소액접근,2026-08-23 07:46:28
455850,SOL AI반도체소부장,22750.0,,,,,,,,,,,35185.0,11920.0,25370.0,15805.0,23634.0,▼ 하락추세,0.8481,-0.3534,1.1133,▼ 바닥확인,▲ 주도대장,▼ 소액접근,2026-08-23 07:46:28
457550,우진엔텍,12700.0,,,,,,,,,,,34900.0,10750.0,16280.0,10750.0,22479.0,▼ 하락추세,-0.5125,-0.6361,0.8646,▼ 바닥확인,▼ 자금이탈,▼ 소액접근,2026-08-23 07:46:28
458730,ACE 미국빅테크TOP7 Plus,15140.0,,,,,,,,,,,16654.0,13626.0,15699.0,15025.0,14167.0,상승추세 (Bull),0.3084,-0.0429,0.1165,━ 눌림지지,▲ 실적지속,▲ 비중확대,2026-08-29 17:48:08
459580,KODEX CD금리액티브(합성),1075450.0,,,,,,,,,,,1075930.0,1073225.0,1075450.0,1073125.0,1063208.0,▲ 수급유입,0.0301,-0.0004,0.0012,▲ 상승유지,━ 방향탐색,▲ 비중확대,2026-08-23 07:46:28
465580,ACE 미국빅테크TOP7 Plus,23980.0,,,,,,,,,,,27115.0,19150.0,25580.0,22960.0,23505.0,━ 박스권세,0.276,-0.1156,0.2557,━ 눌림지지,▲ 실적지속,━ 정상비중,2026-08-23 07:46:28
466100,클로봇,27150.0,-312.07,,11.24,-87.0,,2415.0,,,,,82300.0,15940.0,34750.0,20050.0,44783.0,▼ 하락추세,0.4551,-0.6701,1.0491,▼ 바닥확인,▲ 실적지속,▼ 소액접근,2026-08-23 07:46:28
466920,SOL 조선TOP3플러스,27145.0,,,,,,,,,,,43020.0,24065.0,30770.0,24065.0,34781.0,▼ 하락추세,0.0544,-0.369,0.6534,▼ 바닥확인,▲ 시장동행,▼ 소액접근,2026-08-23 07:46:28
473330,SOL 미국30년국채커버드콜(합성),8040.0,,,,,,,,,,,9760.0,8010.0,8676.0,8010.0,8818.0,▼ 하락추세,0.0309,-0.1762,0.1354,▼ 하락관망,━ 방향탐색,▲ 비중확대,2026-08-23 07:46:28
475150,SK이터닉스,51300.0,56.37,,6.34,910.0,,8095.0,,,,none,87700.0,17210.0,87700.0,41300.0,37586.0,▲ 수급유입,1.2749,-0.4151,1.7289,▲ 분할매수,▲ 주도대장,▼ 소액접근,2026-08-23 07:46:28
478150,TIME 글로벌우주테크&방산액티브,19970.0,,,,,,,,,,,25375.0,17690.0,21875.0,19970.0,21789.0,▼ 하락추세,0.0986,-0.213,0.2902,▼ 하락관망,▲ 시장동행,━ 정상비중,2026-08-23 07:46:28
483320,ACE 엔비디아밸류체인액티브,24540.0,,,,,,,,,,,33225.0,10420.0,26750.0,20630.0,20658.0,━ 박스권세,1.3316,-0.2614,0.6444,▲ 분할매수,▲ 주도대장,▼ 소액접근,2026-08-23 07:46:28
483330,ACE 마이크로소프트밸류체인액티브,14540.0,,,,,,,,,,,17400.0,10450.0,15990.0,13430.0,13415.0,━ 박스권세,0.1207,-0.1644,0.338,━ 눌림지지,▲ 시장동행,━ 정상비중,2026-08-23 07:46:28
483340,ACE 구글밸류체인액티브,21975.0,,,,,,,,,,,30010.0,11710.0,24180.0,20085.0,20006.0,━ 박스권세,0.9046,-0.2677,0.5302,▲ 분할매수,▲ 주도대장,▼ 비중조절,2026-08-23 07:46:28
487230,KODEX 미국AI전력핵심인프라,19565.0,,,,,,,,,,,28795.0,15965.0,23162.0,18265.0,21160.0,▼ 하락추세,0.2154,-0.3205,0.5529,▼ 하락관망,▲ 실적지속,▼ 비중조절,2026-08-23 07:46:28
487240,KODEX AI전력핵심설비,33350.0,,,,,,,,,,,64630.0,14805.0,38685.0,25035.0,34169.0,▼ 하락추세,1.1502,-0.484,0.9866,▼ 바닥확인,▲ 주도대장,▼ 소액접근,2026-08-23 07:46:28
489250,KODEX 미국배당다우존스,13155.0,,,,,,,,,,,13755.0,10250.0,13509.0,12980.0,12175.0,━ 박스권세,0.3107,-0.0436,0.1211,━ 눌림지지,▲ 실적지속,▲ 비중확대,2026-08-23 07:46:28
6525.T,고쿠사이일렉트릭,8321.0,64.93679,43.50622,8.641308,128.14,191.26,962.933,0.79,,10663.077,매수,12220.0,2607.0,9559.0,5936.0,6756.77,━ 눌림조정,1.6043,-0.3191,1.1075,▲ 분할매수,▲ 주도대장,▼ 소액접근,2026-08-23 07:46:55
6656.T,인스펙,798.0,41.67102,15.113637,2.7345905,19.15,52.8,291.817,,,,none,1588.0,499.0,1135.0,764.0,762.07,━ 눌림조정,0.2,-0.4975,1.1762,▲ 분할매수,▲ 실적지속,▼ 소액접근,2026-08-23 07:46:55
6857.T,어드밴테스트,35900.0,69.93007,151.01166,24.927439,513.37,237.73,1440.18,0.17,,41219.047,매수,38730.0,10450.0,38730.0,24135.0,25583.42,▲ 기관주도,2.7097,-0.0731,0.8625,▲ 추세탑승,▲ 주도대장,▼ 소액접근,2026-08-23 07:46:55
6871.T,일본마이크로닉스,13690.0,28.328436,62.508564,5.8121247,483.26,219.01,2355.421,0.052000000000000005,,12400.0,적극매수,18180.0,4250.0,16420.0,10820.0,11417.09,━ 눌림조정,1.7088,-0.247,0.9764,▲ 분할매수,▲ 주도대장,▼ 소액접근,2026-08-23 07:46:55
6920.T,레이져테크,35120.0,40.6505,32.156166,12.752097,863.95,1092.17,2754.057,0.012,,49131.25,매수,58580.0,14880.0,46870.0,33200.0,36768.53,▼ 하락추세,1.2107,-0.4005,0.9522,▼ 바닥확인,▲ 주도대장,▼ 소액접근,2026-08-23 07:46:55
6981.T,무라타 제작,7091.0,55.554684,29.885784,4.678638,127.64,237.27,1515.612,0.99,,10485.294,적극매수,12895.0,2403.0,8689.0,5861.0,5435.55,━ 눌림조정,2.5285,-0.4501,1.1173,▲ 분할매수,▲ 주도대장,▼ 소액접근,2026-08-23 07:46:55
8035.T,도쿄일렉트론,54290.0,43.47826,42.407436,11.518508,1248.67,1280.2,4713.284,0.0138,,74027.27,매수,81260.0,19870.0,65410.0,48580.0,46855.44,━ 눌림조정,1.3349,-0.3319,0.7677,▲ 분할매수,▲ 주도대장,▼ 소액접근,2026-08-23 07:46:55
AAOI,어플라이드 옵토일렉트로닉스,124.81999969482422,,27.122988,6.3145647,-0.75,4.602,19.767,,,163.4,매수,233.6699981689453,18.5,160.99,76.01,97.42,━ 눌림조정,4.5304,-0.4658,1.4798,▲ 분할매수,▲ 주도대장,▼ 소액접근,2026-08-23 07:46:55
AAPL,애플,309.3500061035156,35.475918,32.43169,42.03125,8.72,9.53851,7.36,0.35,,326.3415,매수,344.57000732421875,224.69000244140625,344.27,299.74,281.03,━ 눌림조정,0.5427,-0.1022,0.3275,━ 눌림지지,▲ 주도대장,━ 정상비중,2026-08-23 07:46:55
ACLS,액셀리스 테크놀로지스,127.06999969482422,42.07616,24.121107,3.6816943,3.02,5.268,34.514,,,161.0,중립(Hold),193.77999877929688,73.5999984741211,145.7,111.8,115.0,━ 눌림조정,0.91,-0.3443,0.8742,▲ 분할매수,▲ 주도대장,▼ 소액접근,2026-08-23 07:46:55
ADI,애널로그 디바이시스,373.0899963378906,44.257412,22.80755,5.402404,8.43,16.35818,69.06,0.0118,,466.0,적극매수,445.9100036621094,223.47000122070312,396.95,352.73,340.67,━ 눌림조정,0.6369,-0.1633,0.4481,━ 눌림지지,▲ 주도대장,▼ 비중조절,2026-08-23 07:46:55
ADTTF,,215.00999450683594,67.40125,,23.573952,3.19,,9.12066,0.17,,,,248.99000549316406,75.72000122070312,248.99,147.28,161.21,▲ 기관주도,2.8463,-0.1365,0.9706,▲ 추세탑승,▲ 주도대장,▼ 소액접근,2026-08-23 07:46:55
ALAB,아스테라 랩스,284.9700012207031,143.201,44.57197,28.64884,2.02,6.39348,9.947,,,389.9527,매수,499.47601318359375,97.88999938964844,367.85,244.61,218.8,━ 눌림조정,2.3155,-0.4295,1.1212,▲ 분할매수,▲ 주도대장,▼ 소액접근,2026-08-23 07:46:55
AMAT,어플라이드 머티어리얼즈,492.32000732421875,42.55143,26.842257,15.246353,11.57,18.34123,32.291,0.43,,641.02856,적극매수,739.6699829101562,154.47000122070312,563.16,435.86,394.67,━ 눌림조정,1.8871,-0.3344,0.8697,▲ 분할매수,▲ 주도대장,▼ 소액접근,2026-08-23 07:46:55
AMD,Advanced Micro Devices,473.25,118.907036,30.559921,11.48916,3.93,15.48597,41.191,,,614.434,적극매수,584.72998046875,149.22000122070312,530.13,424.03,329.86,━ 눌림조정,2.6522,-0.1907,0.7731,━ 눌림지지,▲ 주도대장,▼ 소액접근,2026-08-23 07:46:55
AMKR,앰코 테크놀로지,50.2599983215332,22.538116,17.80918,2.6801045,2.23,2.82214,18.753,0.66,,77.11111,none,96.68000030517578,23.3700008392334,64.98,42.66,55.32,▼ 하락추세,1.5021,-0.4801,1.0069,▼ 바닥확인,▲ 주도대장,▼ 소액접근,2026-08-23 07:46:55
AMZN,아마존닷컴,258.6300048828125,20.790194,24.890984,5.055712,12.44,10.39051,51.156,,,326.83734,적극매수,287.20001220703125,196.0,287.2,226.16,238.33,▲ 기관주도,0.2406,-0.0995,0.4517,▲ 상승유지,▲ 실적지속,▼ 비중조절,2026-08-23 07:46:55
ANET,아리스타 네트웍스,188.64999389648438,59.511036,36.563194,16.07858,3.17,5.15956,11.733,,,241.81519,적극매수,214.88999938964844,114.5199966430664,214.89,156.84,149.06,▲ 기관주도,1.0517,-0.1221,0.6039,▲ 추세탑승,▲ 주도대장,▼ 소액접근,2026-08-23 07:46:55
APH,암페놀,157.00999450683594,39.2525,24.239702,12.492839,4.0,6.47739,12.568,0.64,,191.88235,적극매수,178.52000427246094,105.44999694824219,176.33,139.67,144.28,━ 눌림조정,0.6596,-0.1205,0.4678,━ 눌림지지,▲ 주도대장,▼ 비중조절,2026-08-23 07:46:55
ARM,Arm 홀딩스(ADR),243.32000732421875,256.1263,79.49452,30.110134,0.97,3.06084,8.081,,,286.0842,매수,452.70001220703125,100.0199966430664,299.29,219.39,197.14,━ 눌림조정,0.6294,-0.4625,0.9971,▲ 분할매수,▲ 주도대장,▼ 소액접근,2026-08-23 07:46:55
ASML,ASML 홀딩(ADR),1763.760009765625,59.97144,29.195837,1475.4774,29.41,60.411354,1.1953826,0.51,,2195.9126,적극매수,1999.9599609375,716.2000122070312,1896.35,1530.64,1442.74,━ 눌림조정,1.2827,-0.1181,0.5646,━ 눌림지지,▲ 주도대장,▼ 비중조절,2026-08-23 07:46:55
ASMN.VI,,1505.0,58.973354,,1471.4567,25.52,,1.022796,0.52,,,none,1735.0,616.0,1625.0,1360.0,1249.6,━ 눌림조정,1.2909,-0.1326,0.5249,━ 눌림지지,▲ 주도대장,▼ 비중조절,2026-08-23 07:46:55
ASTS,AST 스페이스모바일,68.6500015258789,,-56.630703,10.864061,-2.15,-1.21224,6.319,,,78.48182,중립(Hold),133.86000061035156,36.08000183105469,75.08,52.8,81.65,▼ 하락추세,0.3675,-0.4872,1.1337,▼ 바닥확인,▲ 실적지속,▼ 소액접근,2026-08-23 07:46:55
ASX,ASE 테크놀로지 홀딩(ADR),36.5099983215332,44.524387,19.834845,6.5733194,0.82,1.8407,5.554271,0.011399999999999999,,48.0,none,45.52000045776367,9.859999656677246,40.31,31.12,26.78,━ 눌림조정,2.7162,-0.1979,0.782,━ 눌림지지,▲ 주도대장,▼ 소액접근,2026-08-23 07:46:55
AVGO,브로드컴,368.45001220703125,61.306156,18.890873,19.991861,6.08,19.50413,18.43,0.71,,527.88446,적극매수,495.0,287.1700134277344,432.73,357.61,368.3,━ 눌림조정,0.4625,-0.2557,0.5555,▲ 분할매수,▲ 실적지속,▼ 비중조절,2026-08-23 07:46:55
BIZD,VANECK BDC INCOME,13.289999961853027,12.737987,,,,,,0.1229,,,,16.1299991607666,11.970000267028809,13.6,12.23,12.74,▲ 기관주도,-0.0391,-0.1761,0.1966,▲ 상승유지,━ 방향탐색,▲ 비중확대,2026-08-23 07:46:55
BKSY,블랙스카이 테크놀로지,27.75,,-77.08333,5.329365,-1.73,-0.36,5.207,,,38.42375,적극매수,52.880001068115234,12.40999984741211,32.39,20.47,26.75,▲ 기관주도,0.6849,-0.4752,0.9576,▲ 분할매수,▲ 주도대장,▼ 소액접근,2026-08-23 07:46:55
BOTZ,GLOBAL X ROBOTICS & ARTIFICIAL INTELLIGENCE,36.040000915527344,34.920197,,,,,,0.49,,,,41.709999084472656,31.875,38.15,33.48,36.86,▼ 하락추세,0.181,-0.1359,0.3072,▼ 하락관망,▲ 시장동행,━ 정상비중,2026-08-23 07:46:55
CBRS,세레브라스 시스템스,196.1300048828125,,153.98688,4.8700123,-4.65,1.27368,40.273,,,291.63635,적극매수,386.3399963378906,160.80999755859375,265.63,168.71,220.35,▼ 하락추세,-0.3695,-0.4923,1.356,▼ 바닥확인,▼ 자금이탈,▼ 소액접근,2026-08-23 07:46:55
CDNS,케이던스 디자인 시스템즈,319.0199890136719,62.55294,33.455574,12.811019,5.04,9.53563,24.902,,,403.93927,적극매수,416.69000244140625,262.75,355.59,311.47,327.08,▼ 하락추세,0.0867,-0.2344,0.433,▼ 하락관망,▲ 시장동행,▼ 비중조절,2026-08-23 07:46:55
CIBR,FIRST TRUST NASDAQ CYBERSECURITY,94.8499984741211,30.844696,,,,,,0.43,,,,102.3499984741211,60.06999969482422,102.35,86.84,76.23,▲ 기관주도,0.2986,-0.0733,0.3303,▲ 상승유지,▲ 실적지속,━ 정상비중,2026-08-23 07:46:55
CIEN,시에나,395.7900085449219,131.4917,40.93302,19.376774,3.01,9.66921,20.426,,,557.28564,매수,637.510009765625,89.41000366210938,462.69,323.29,368.69,━ 눌림조정,4.2464,-0.3792,0.8155,▲ 분할매수,▲ 주도대장,▼ 소액접근,2026-08-23 07:46:55
CLS,셀레스티카,296.54998779296875,36.34191,15.1690855,13.753362,8.16,19.54963,21.562,,,473.2622,적극매수,474.0299987792969,183.66000366210938,378.99,289.26,329.35,▼ 하락추세,1.1751,-0.3744,0.9064,▼ 바닥확인,▲ 주도대장,▼ 소액접근,2026-08-23 07:46:55
COHR,코히어런트,289.5199890136719,70.44282,20.755697,5.1978455,4.11,13.94894,55.7,,,416.09348,매수,440.0,85.94000244140625,391.37,220.68,269.83,━ 눌림조정,2.5903,-0.342,1.1271,▲ 분할매수,▲ 주도대장,▼ 소액접근,2026-08-23 07:46:55
COWZ,PACER US CASH COWS 100,72.0199966430664,18.938341,,,,,,0.018500000000000003,,,,72.29499816894531,55.619998931884766,72.29,65.23,62.76,▲ 기관주도,0.3481,-0.0038,0.1535,▲ 상승유지,▲ 실적지속,▲ 비중확대,2026-08-23 07:46:55
CRDO,크리도 테크놀로지 그룹 홀딩,230.57000732421875,92.5984,25.280941,20.717945,2.51,9.12031,11.129,,,283.23447,적극매수,308.6700134277344,86.48500061035156,286.24,177.0,172.87,━ 눌림조정,1.7264,-0.253,1.0319,▲ 분할매수,▲ 주도대장,▼ 소액접근,2026-08-23 07:46:55
CRWD,크라우드스트라이크 홀딩스,191.9499969482422,,122.46786,42.17754,-0.04,1.56735,4.551,,,207.7,매수,227.5,85.68000030517578,227.5,174.14,138.79,━ 눌림조정,0.5612,-0.1563,0.5753,━ 눌림지지,▲ 주도대장,▼ 비중조절,2026-08-23 07:46:55
CRWV,코어위브,87.8499984741211,,-47.070484,9.6347885,-3.55,-1.77506,9.118,,,143.25714,매수,153.1999969482422,60.54999923706055,117.49,60.55,91.95,▼ 하락추세,-0.4942,-0.4266,1.1156,▼ 바닥확인,▼ 자금이탈,▼ 소액접근,2026-08-23 07:46:55
CSCO,시스코 시스템즈,111.04000091552734,33.345345,20.03692,8.719962,3.33,5.54719,12.734,0.0151,,136.04546,매수,130.3699951171875,66.12999725341797,124.71,109.23,92.36,━ 눌림조정,0.6922,-0.1483,0.3949,━ 눌림지지,▲ 주도대장,▼ 비중조절,2026-08-23 07:46:55
DELL,델 테크놀로지스,442.0799865722656,902.20404,19.771152,-204.38278,0.49,22.35985,-2.163,0.57,,508.78262,매수,514.0,110.22000122070312,514.0,358.88,236.38,▲ 기관주도,2.809,-0.1399,1.0135,▲ 추세탑승,▲ 주도대장,▼ 소액접근,2026-08-23 07:46:55
EEM,ISHARES MSCI EMERGING MARKETS,67.12000274658203,17.41684,,1.2770412,,,52.559,0.0173,,,,71.56999969482422,49.349998474121094,67.94,60.77,60.78,▲ 기관주도,0.4651,-0.0622,0.3272,▲ 상승유지,▲ 실적지속,━ 정상비중,2026-08-23 07:46:55
ENTG,인테그리스,143.66000366210938,72.55556,28.642294,5.403393,2.0,5.01566,26.587,0.28,,173.36365,매수,186.94000244140625,67.97000122070312,166.2,106.91,123.35,━ 눌림조정,0.8996,-0.2315,0.9323,▲ 분할매수,▲ 주도대장,▼ 소액접근,2026-08-23 07:46:55
EWY,ISHARES MSCI SOUTH KOREA CAPPED,178.33999633789062,17.392645,,2.0219727,,,88.201,0.0125,,,,220.88999938964844,71.38999938964844,190.11,142.64,142.87,━ 눌림조정,1.6267,-0.1926,0.793,━ 눌림지지,▲ 주도대장,▼ 소액접근,2026-08-23 07:46:55
EWZ,ISHARES MSCI BRAZIL CAPPED,35.060001373291016,11.031169,,0.9583949,,,36.582,0.04,,,,42.02000045776367,28.3700008392334,36.84,33.44,35.33,▼ 하락추세,0.3244,-0.1656,0.2168,▼ 하락관망,▲ 실적지속,━ 정상비중,2026-08-23 07:46:55
FLKR,FRANKLIN FTSE SOUTH KOREA,58.5,17.25088,,,,,,0.026699999999999998,,,,72.48999786376953,24.308000564575195,62.56,46.97,46.42,━ 눌림조정,1.5916,-0.193,0.7846,━ 눌림지지,▲ 주도대장,▼ 소액접근,2026-08-23 07:46:55
FLY,파이어플라이 에어로스페이스,24.450000762939453,,-14.026574,3.3229141,-4.94,-1.74312,7.358,,,41.6,매수,62.16999816894531,16.0,28.2,17.71,27.47,▼ 하락추세,-0.5949,-0.6067,1.0494,▼ 바닥확인,▼ 자금이탈,▼ 소액접근,2026-08-23 07:46:55
FN,패브리넷,436.6700134277344,34.141518,20.042025,6.3758616,13.06,21.78772,68.488,,,734.1111,매수,748.8900146484375,303.1000061035156,603.09,403.62,537.62,▼ 하락추세,0.6181,-0.4169,0.9261,▼ 바닥확인,▲ 주도대장,▼ 소액접근,2026-08-23 07:46:55
FORM,폼팩터,114.16000366210938,79.83218,32.8518,8.024744,1.43,3.475,14.226,,,138.625,매수,160.27000427246094,27.809999465942383,139.8,82.34,99.5,━ 눌림조정,2.4469,-0.2877,1.1845,▲ 분할매수,▲ 주도대장,▼ 소액접근,2026-08-23 07:46:55
GDX,VANECK GOLD MINERS,102.83000183105469,17.885939,,,,,,0.85,,,,117.18000030517578,60.16999816894531,103.25,72.18,88.45,▲ 기관주도,0.9502,-0.1225,0.542,▲ 추세탑승,▲ 주도대장,▼ 비중조절,2026-08-23 07:46:55
GFS,글로벌파운드리스,48.04999923706055,37.539062,18.292078,2.2311478,1.28,2.62682,21.536,0.01,,76.7619,매수,92.55000305175781,31.59000015258789,55.58,46.39,52.68,▼ 하락추세,0.2646,-0.4808,0.6858,▼ 바닥확인,▲ 실적지속,▼ 소액접근,2026-08-23 07:46:55
GLD,,423.3599853515625,,,2.490104,,,170.017,,,,,509.70001220703125,309.6700134277344,424.89,366.53,413.46,▲ 기관주도,0.3609,-0.1694,0.2672,▲ 상승유지,▲ 실적지속,━ 정상비중,2026-08-23 07:46:55
GLW,코닝,149.83999633789062,69.05069,34.68133,10.808627,2.17,4.32048,13.863,0.75,,191.4,none,271.7799987792969,65.75,176.94,114.5,140.41,━ 눌림조정,1.9243,-0.4487,0.9995,▲ 분할매수,▲ 주도대장,▼ 소액접근,2026-08-23 07:46:55
GOOG,,341.75,17.156124,23.07405,6.714673,19.92,14.81101,50.896,0.26,,422.336,적극매수,404.4700012207031,205.9499969482422,381.81,324.41,331.81,━ 눌림조정,1.0645,-0.1551,0.3789,━ 눌림지지,▲ 주도대장,▼ 비중조절,2026-08-23 07:46:55
GOOGL,알파벳 A,344.82000732421875,17.301556,23.281328,6.7749925,19.93,14.81101,50.896,0.26,,428.06668,적극매수,408.6099853515625,205.27999877929688,384.48,324.44,332.77,━ 눌림조정,1.0934,-0.1561,0.3797,━ 눌림지지,▲ 주도대장,▼ 비중조절,2026-08-23 07:46:55
IBIDY,,30.75,87.85715,,9.545293,0.34,,3.221483,0.15,,,,43.04999923706055,5.8125,38.25,20.0,19.45,━ 눌림조정,4.8931,-0.2857,1.4061,▲ 분할매수,▲ 주도대장,▼ 소액접근,2026-08-23 07:46:55
IDGT,ISHARES NORTH AMERICAN TECH MULTIMEDIA NETWORKING,117.26000213623047,18.61667,,1.3512722,,,86.776,0.8,,,,133.0500030517578,81.26000213623047,124.14,108.91,103.88,━ 눌림조정,0.4596,-0.1187,0.2812,━ 눌림지지,▲ 실적지속,━ 정상비중,2026-08-23 07:46:55
IGV,ISHARES NORTH AMERICAN TECH SOFTWARE,103.37000274658203,35.147427,,0.2590863,,,398.979,0.02,,,,117.98999786376953,73.93000030517578,106.75,89.59,93.81,▲ 기관주도,-0.028,-0.1239,0.3604,▲ 상승유지,━ 방향탐색,▼ 비중조절,2026-08-23 07:46:55
INTC,인텔,90.06999969482422,,44.14915,5.188663,-2.09,2.04013,17.359,,,114.87805,중립(Hold),142.35000610351562,23.68000030517578,107.57,81.79,71.51,━ 눌림조정,3.2506,-0.3673,0.8472,▲ 분할매수,▲ 주도대장,▼ 소액접근,2026-08-23 07:46:55
IWM,ISHARES RUSSELL 2000,299.9599914550781,18.597738,,1.3715968,,,218.694,0.91,,,,305.17999267578125,228.89999389648438,305.18,287.83,269.12,▲ 기관주도,0.4312,-0.0171,0.1687,▲ 상승유지,▲ 실적지속,▲ 비중확대,2026-08-23 07:46:55
JETS,US GLOBAL JETS,29.56999969482422,14.021776,,,,,,0.74,,,,34.060001373291016,23.530000686645508,34.06,29.17,28.13,━ 눌림조정,0.3557,-0.1318,0.337,━ 눌림지지,▲ 실적지속,━ 정상비중,2026-08-23 07:46:55
KLAC,KLA,183.99000549316406,50.270493,27.861065,37.87361,3.66,6.60384,4.858,0.5,,231.77779,매수,307.3699951171875,83.2239990234375,214.56,169.62,168.14,━ 눌림조정,1.165,-0.4014,0.8616,▲ 분할매수,▲ 주도대장,▼ 소액접근,2026-08-23 07:46:55
KXIAY,,33.90999984741211,53.77778,,12.220669,0.61,,2.7723525,,,,,70.94999694824219,4.125,39.98,23.0,22.84,━ 눌림조정,5.1293,-0.5225,1.6499,▲ 분할매수,▲ 주도대장,▼ 소액접근,2026-08-23 07:46:55
LIT,GLOBAL X LITHIUM & BATTERY TECH,76.61000061035156,23.656116,,,,,,0.72,,,,91.9800033569336,46.0,76.76,66.15,73.18,▲ 기관주도,1.1021,-0.1671,0.3432,▲ 추세탑승,▲ 주도대장,━ 정상비중,2026-08-23 07:46:55
LITE,루멘텀 홀딩스,866.7100219726562,,26.253464,16.535849,-93.0,33.01317,52.414,,,1148.303,매수,1085.6800537109375,119.25,999.67,594.84,652.62,▲ 기관주도,8.7208,-0.2017,1.0342,▲ 분할매수,▲ 주도대장,▼ 소액접근,2026-08-23 07:46:55
LRCX,램 리서치,314.0,54.04475,27.169352,31.503963,5.75,11.55714,9.967,0.33,,371.35483,적극매수,438.5,94.11000061035156,345.28,250.5,253.35,━ 눌림조정,2.4465,-0.2839,0.8759,▲ 분할매수,▲ 주도대장,▼ 소액접근,2026-08-23 07:46:55
LSRCY,,44.45000076293945,40.779816,,13.925533,1.09,,3.1919785,0.0102,,,,72.88999938964844,19.75,59.43,42.08,46.94,▼ 하락추세,0.9668,-0.3902,0.9164,▼ 바닥확인,▲ 주도대장,▼ 소액접근,2026-08-23 07:46:55
LUNR,인튜이티브 머신스,18.31999969482422,,-114.5,-10.688448,-0.96,-0.16,-1.714,,,29.25,적극매수,46.75,7.78000020980835,20.84,11.29,19.48,▼ 하락추세,0.832,-0.6081,1.0198,▼ 바닥확인,▲ 주도대장,▼ 소액접근,2026-08-23 07:46:55
MCHP,마이크로칩 테크놀로지,76.08000183105469,111.882355,16.66539,6.4040403,0.68,4.56515,11.88,0.0239,,109.20833,매수,105.91000366210938,48.52000045776367,85.97,71.24,76.09,▼ 하락추세,0.1395,-0.2817,0.6481,▼ 하락관망,▲ 시장동행,▼ 소액접근,2026-08-23 07:46:55
META,메타 플랫폼스(페이스북),549.9000244140625,20.572392,15.845125,5.363832,26.56,34.70468,102.52,0.38,,754.14246,적극매수,790.7999877929688,520.260009765625,612.43,524.49,623.36,▼ 하락추세,-0.2102,-0.3046,0.4847,▼ 하락관망,▼ 자금이탈,▼ 비중조절,2026-08-23 07:46:55
MJPNF,,89.80000305175781,29.442625,,6.0582905,3.04,,14.822664,0.0519,,,,102.6500015258789,41.75,97.17,79.05,46.77,▲ 기관주도,,-0.1252,0.5765,▲ 상승유지,━ 방향탐색,▼ 비중조절,2026-08-23 07:46:55
MKSI,MKS,279.1099853515625,44.444263,15.945871,6.314563,6.28,17.50359,44.201,0.36,,413.6154,매수,447.6199951171875,97.5,334.0,256.16,256.54,━ 눌림조정,2.0477,-0.3765,0.8271,▲ 분할매수,▲ 주도대장,▼ 소액접근,2026-08-23 07:46:55
MOAT,VANECK MORNINGSTAR WIDE MOAT,114.41999816894531,24.927248,,,,,,0.013000000000000001,,,,114.58999633789062,94.06999969482422,114.59,105.73,103.41,▲ 기관주도,0.2683,-0.0015,0.1509,▲ 상승유지,▲ 실적지속,▲ 비중확대,2026-08-23 07:46:55
MPWR,모놀리식 파워 시스템,1316.280029296875,80.01702,37.829544,16.60523,16.45,34.79503,79.269,0.61,,1829.5385,none,1714.0899658203125,800.969970703125,1568.21,1240.02,1232.2,━ 눌림조정,0.9178,-0.2321,0.6861,▲ 분할매수,▲ 주도대장,▼ 소액접근,2026-08-23 07:46:55
MRAAF,,45.891998291015625,57.364998,,4.781228,0.8,,9.598371,0.96,,,none,79.2699966430664,14.479999542236328,54.62,38.1,34.64,━ 눌림조정,2.1217,-0.4211,1.1193,▲ 분할매수,▲ 주도대장,▼ 소액접근,2026-08-23 07:46:55
MRAAY,,22.350000381469727,55.875,,4.706085,0.4,,4.7491703,0.91,,,none,38.720001220703125,8.029999732971191,26.72,18.74,17.15,━ 눌림조정,2.1747,-0.4228,1.1255,▲ 분할매수,▲ 주도대장,▼ 소액접근,2026-08-23 07:46:55
MRVL,마벨 테크놀로지 그룹,237.0399932861328,81.17808,37.95117,11.393962,2.92,6.24592,20.804,0.1,,259.9142,적극매수,329.8800048828125,61.439998626708984,252.52,162.9,145.01,▲ 기관주도,2.3589,-0.2814,1.2226,▲ 분할매수,▲ 주도대장,▼ 소액접근,2026-08-23 07:46:55
MSFT,마이크로소프트,483.239990234375,26.81687,20.49948,8.112818,18.02,23.57328,59.565,0.75,,569.5583,적극매수,553.719970703125,349.20001220703125,512.76,387.26,429.43,▲ 기관주도,0.0041,-0.1273,0.4746,▲ 상승유지,━ 방향탐색,▼ 비중조절,2026-08-23 07:46:55
MTSI,메이컴 테크놀로지 솔루션스 홀딩스,266.6099853515625,84.638084,31.448385,13.214213,3.15,8.4777,20.176,,,399.64285,매수,418.8999938964844,121.97000122070312,330.99,228.02,258.5,━ 눌림조정,0.9229,-0.3635,0.7881,▲ 분할매수,▲ 주도대장,▼ 소액접근,2026-08-23 07:46:55
MU,마이크론 테크놀로지,966.780029296875,21.858015,6.236275,10.836519,44.23,155.02524,89.215,0.05,,1521.6232,적극매수,1255.0,114.25,1036.13,737.88,570.95,▲ 기관주도,6.9394,-0.2297,1.056,▲ 분할매수,▲ 주도대장,▼ 소액접근,2026-08-23 07:46:55
NBIS,네비우스 그룹,219.1300048828125,,-73.104256,5.8090773,-0.07,-2.9975,37.722,,,271.84616,매수,299.8599853515625,63.2599983215332,280.83,145.8,149.25,━ 눌림조정,3.6152,-0.2692,1.4756,▲ 분할매수,▲ 주도대장,▼ 소액접근,2026-08-23 07:46:55
NFLX,넷플릭스,79.58999633789062,25.186707,20.830116,10.991575,3.18,3.82091,7.241,,,93.41556,매수,126.70999908447266,65.08000183105469,81.16,69.86,88.42,▼ 하락추세,-0.3651,-0.3719,0.362,▼ 바닥확인,▼ 자금이탈,▼ 비중조절,2026-08-23 07:46:55
NOK,노키아(ADR),10.210000038146973,72.92857,20.546568,2.3381722,0.14,0.49692,4.3666587,0.016,,15.02222,매수,17.450000762939453,4.230000019073486,11.13,8.37,9.44,━ 눌림조정,0.9969,-0.4149,0.7279,▲ 분할매수,▲ 주도대장,▼ 소액접근,2026-08-23 07:46:55
NVAX,노바백스,8.9399995803833,,-14.562394,-7.72688,-1.53,-0.61391,-1.157,,,14.00222,매수,11.970000267028809,6.199999809265137,9.2,7.15,8.44,▲ 기관주도,0.4168,-0.2531,0.5554,▲ 분할매수,▲ 실적지속,▼ 비중조절,2026-08-23 07:46:55
NVDA,엔비디아,214.72000122070312,32.88208,16.482347,26.60719,6.53,13.02727,8.07,0.47,,304.1207,적극매수,236.5399932861328,164.07000732421875,227.92,190.01,195.12,▲ 기관주도,0.4913,-0.0922,0.4014,▲ 상승유지,▲ 실적지속,▼ 비중조절,2026-08-23 07:46:55
NVTS,나비타스 세미컨덕터,12.970000267028809,,-102.92017,4.224756,-1.34,-0.12602,3.07,,,14.075,none,34.16999816894531,5.440000057220459,14.95,9.43,12.76,━ 눌림조정,0.9893,-0.6204,1.1409,▲ 분할매수,▲ 주도대장,▼ 소액접근,2026-08-23 07:46:55
NXPI,NXP 세미컨덕터스,225.55999755859375,19.229326,12.465246,4.991701,11.73,18.09511,45.187,0.018000000000000002,,311.10345,none,339.95001220703125,183.0,276.88,218.24,241.3,▼ 하락추세,0.0938,-0.3365,0.5055,▼ 하락관망,▲ 시장동행,▼ 비중조절,2026-08-23 07:46:55
ON,온 세미컨덕터,74.20999908447266,48.50327,16.387577,4.0020494,1.52,4.52843,18.543,,,107.68,매수,134.9199981689453,44.560001373291016,89.77,73.52,77.1,▼ 하락추세,0.3957,-0.45,0.8378,▼ 바닥확인,▲ 실적지속,▼ 소액접근,2026-08-23 07:46:55
ONEQ,FIDELITY NASDAQ COMPOSITE TRACKING STOCK,103.13999938964844,28.0757,,1.1214648,,,91.969,0.54,,,,107.06999969482422,81.44999694824219,105.88,96.2,95.25,▲ 기관주도,0.3444,-0.0367,0.2184,▲ 상승유지,▲ 실적지속,━ 정상비중,2026-08-23 07:46:55
ORCL,오라클,146.47000122070312,25.123499,13.419222,11.232362,5.83,10.91494,13.04,0.0137,,246.42635,매수,345.7200012207031,114.5,159.26,114.5,172.09,▼ 하락추세,-0.283,-0.5763,0.6862,▼ 바닥확인,▼ 자금이탈,▼ 소액접근,2026-08-23 07:46:55
PL,플래닛 랩스,22.290000915527344,,6693.694,17.903616,-1.16,0.00333,1.245,,,40.1,none,51.7599983215332,6.255000114440918,25.53,19.16,26.59,▼ 하락추세,3.2057,-0.5694,0.9245,▼ 바닥확인,▲ 주도대장,▼ 소액접근,2026-08-23 07:46:55
PLTR,팔란티어 테크,179.94000244140625,148.71074,77.75339,44.23304,1.21,2.31424,4.068,,,191.68,매수,207.52000427246094,106.37000274658203,182.44,117.89,151.51,▲ 기관주도,0.286,-0.1329,0.8482,▲ 상승유지,▲ 실적지속,▼ 소액접근,2026-08-23 07:46:55
QCOM,퀄컴,160.75,18.392448,15.756791,6.143234,8.74,10.20195,26.167,0.0229,,193.1,중립(Hold),259.9200134277344,121.98999786376953,171.19,142.89,167.27,▼ 하락추세,0.0718,-0.3815,0.6198,▼ 바닥확인,▲ 시장동행,▼ 소액접근,2026-08-23 07:46:55
QQQ,INVESCO QQQ TRUST,713.4400024414062,30.506851,,1.9941081,,,357.774,0.44,,,,748.6500244140625,555.5999755859375,734.58,661.14,651.74,▲ 기관주도,0.3484,-0.047,0.2606,▲ 상승유지,▲ 실적지속,━ 정상비중,2026-08-23 07:46:55
QRVO,코보,95.55999755859375,22.171694,11.999975,2.4280922,4.31,7.96335,39.356,,,90.76923,none,109.48999786376953,74.91999816894531,99.15,85.51,87.3,▲ 기관주도,0.1809,-0.1272,0.3791,▲ 상승유지,▲ 시장동행,▼ 비중조절,2026-08-23 07:46:55
QTUM,DEFIANCE QUANTUM,150.47000122070312,30.159882,,,,,,0.83,,,,170.0,92.27999877929688,159.73,132.1,128.62,━ 눌림조정,0.7291,-0.1149,0.4301,━ 눌림지지,▲ 주도대장,▼ 비중조절,2026-08-23 07:46:55
RDW,레드와이어,12.020000457763672,,-44.518517,1.830364,-1.23,-0.27,6.567,,,14.5625,매수,26.639999389648438,4.869999885559082,14.19,7.76,10.35,▲ 기관주도,-0.2174,-0.5488,1.1571,▲ 분할매수,▼ 자금이탈,▼ 소액접근,2026-08-23 07:46:55
RKLB,로켓 랩,72.56999969482422,,1451.4,12.430627,-0.27,0.05,5.838,,,112.94118,매수,151.0,37.56999969482422,86.83,58.2,78.73,▼ 하락추세,1.2138,-0.5194,0.9368,▼ 바닥확인,▲ 주도대장,▼ 소액접근,2026-08-23 07:46:55
RMBS,램버스,91.23999786376953,42.240738,24.681671,6.7475224,2.16,3.69667,13.522,,,147.5,none,174.10000610351562,70.9000015258789,104.11,82.72,108.72,▼ 하락추세,0.5207,-0.4759,0.8258,▼ 바닥확인,▲ 주도대장,▼ 소액접근,2026-08-23 07:46:55
RSP,INVESCO S&P 500 EQUAL WEIGHT,221.6699981689453,22.584341,,1.4959004,,,148.185,0.0149,,,,223.44000244140625,182.11000061035156,223.44,213.06,200.88,▲ 기관주도,0.2625,-0.0079,0.1123,▲ 상승유지,▲ 실적지속,▲ 비중확대,2026-08-23 07:46:55
SATL,세틀로직,5.71999979019165,,-190.66666,12.825111,-0.74,-0.03,0.446,,,10.2,적극매수,12.0,1.2549999952316284,6.21,3.28,4.6,▲ 기관주도,0.6158,-0.5233,1.1187,▲ 분할매수,▲ 주도대장,▼ 소액접근,2026-08-23 07:46:55
SCHD,SCHWAB US DIVIDEND EQUITY,35.11000061035156,20.270515,,,,,,0.0313,,,,35.310001373291016,26.31999969482422,35.31,33.04,30.39,▲ 기관주도,0.3767,-0.0057,0.1206,▲ 상승유지,▲ 실적지속,▲ 비중확대,2026-08-23 07:46:55
SNDK,샌디스크,1596.0799560546875,21.644697,6.029277,17.145926,73.74,264.72162,93.088,,,2126.1738,매수,2354.389892578125,46.0099983215332,1827.99,998.19,939.21,━ 눌림조정,32.9953,-0.3221,1.4076,▲ 분할매수,▲ 주도대장,▼ 소액접근,2026-08-23 07:46:55
SNPS,시놉시스,397.8699951171875,90.8379,23.045568,2.4991677,4.38,17.26449,159.201,,,560.1738,매수,615.7899780273438,366.0,425.78,370.2,446.11,▼ 하락추세,-0.1552,-0.3539,0.3927,▼ 바닥확인,▼ 자금이탈,▼ 비중조절,2026-08-23 07:46:55
SOXX,ISHARES SEMICONDUCTOR,520.0499877929688,41.71722,,1.2262669,,,424.092,0.29,,,,655.9500122070312,238.14999389648438,566.02,464.08,420.48,━ 눌림조정,1.3066,-0.2072,0.6516,▲ 분할매수,▲ 주도대장,▼ 소액접근,2026-08-23 07:46:55
SPCX,스페이스X,136.97000122070312,,85.52714,14.184962,-1.12,1.60148,9.656,,,213.5,매수,225.63999938964844,104.83000183105469,149.8,104.83,141.63,▼ 하락추세,-0.149,-0.393,1.0408,▼ 바닥확인,▼ 자금이탈,▼ 소액접근,2026-08-23 07:46:55
SPY,SPDR S&P 500,765.719970703125,25.794857,,1.7839801,,,429.22,0.0101,,,,779.3699951171875,629.280029296875,779.37,729.1,704.98,▲ 기관주도,0.29,-0.0175,0.1399,▲ 상승유지,▲ 실적지속,▲ 비중확대,2026-08-23 07:46:55
STM,ST 마이크로일렉트로닉스(ADR),50.560001373291016,,19.90653,2.5576692,-0.06,2.53987,19.768,0.71,,71.71538,none,81.41999816894531,21.110000610351562,57.04,47.88,43.88,━ 눌림조정,0.7613,-0.379,0.8323,▲ 분할매수,▲ 주도대장,▼ 소액접근,2026-08-23 07:46:55
STX,시게이트 테크놀로지 홀딩스,850.0,61.371838,15.350885,174.18033,0.26,55.3714,4.88,0.35,,1125.0,적극매수,1145.0,158.67999267578125,1013.99,698.99,565.19,━ 눌림조정,5.4741,-0.2576,0.8596,▲ 분할매수,▲ 주도대장,▼ 소액접근,2026-08-23 07:46:55
SWKS,스카이웍스 솔루션스,67.13999938964844,34.787567,13.500633,1.7609106,1.93,4.9731,38.128,0.041299999999999996,,68.25,none,90.9000015258789,51.93000030517578,70.75,57.5,63.24,▲ 기관주도,-0.033,-0.2614,0.5285,▲ 분할매수,━ 방향탐색,▼ 비중조절,2026-08-23 07:46:55
TER,테라다인,375.739990234375,52.62465,32.523067,18.709356,7.29,11.55303,20.083,0.14,,449.8,매수,487.9100036621094,109.55999755859375,444.17,301.0,307.35,━ 눌림조정,3.3121,-0.2299,0.9596,▲ 분할매수,▲ 주도대장,▼ 소액접근,2026-08-23 07:46:55
TOELY,,170.41000366210938,43.141773,,11.410844,3.95,,14.93404,0.0116,,,,249.3699951171875,66.58000183105469,196.85,150.0,149.42,━ 눌림조정,1.0845,-0.3166,0.8417,▲ 분할매수,▲ 주도대장,▼ 소액접근,2026-08-23 07:46:55
TSEM,타워 세미컨덕터,222.58999633789062,87.63386,34.21361,8.182854,2.54,6.50589,27.202,,,321.32144,적극매수,319.94000244140625,54.31999969482422,277.88,185.07,180.25,━ 눌림조정,4.5495,-0.3043,1.0054,▲ 분할매수,▲ 주도대장,▼ 소액접근,2026-08-23 07:46:55
TSLA,테슬라,362.8599853515625,323.98212,168.10124,16.497385,1.12,2.15858,21.995,,,395.3405,매수,498.8299865722656,297.3800048828125,366.5,297.38,403.32,▼ 하락추세,0.0407,-0.2726,0.57,▼ 하락관망,━ 방향탐색,▼ 비중조절,2026-08-23 07:46:55
TSM,TSMC(ADR),418.95001220703125,31.241611,19.234417,86.238144,13.41,21.78127,4.8580594,0.0104,,554.45483,적극매수,479.0,225.6300048828125,436.04,372.72,365.26,━ 눌림조정,1.014,-0.1254,0.4932,━ 눌림지지,▲ 주도대장,▼ 비중조절,2026-08-23 07:46:55
TTMI,TTM 테크놀로지스,110.54000091552734,51.654205,16.037722,6.2462564,2.14,6.8925,17.697,,,214.25,적극매수,223.8300018310547,42.689998626708984,149.94,99.19,117.65,▼ 하락추세,1.9916,-0.5061,0.8986,▼ 바닥확인,▲ 주도대장,▼ 소액접근,2026-08-23 07:46:55
TXN,텍사스 인스트루먼츠,264.3599853515625,40.17629,25.148426,13.40364,6.58,10.51199,19.723,0.0215,,324.4516,매수,334.0299987792969,152.72999572753906,289.62,261.63,232.43,━ 눌림조정,0.3564,-0.2086,0.499,▲ 분할매수,▲ 실적지속,▼ 비중조절,2026-08-23 07:46:55
URA,GLOBAL X URANIUM,46.06999969482422,30.432783,,,,,,0.053,,,,62.279998779296875,37.18000030517578,46.19,37.18,48.14,▼ 하락추세,0.2858,-0.2603,0.4988,▼ 하락관망,▲ 실적지속,▼ 비중조절,2026-08-23 07:46:55
USO,UNITED STATES OIL,134.63999938964844,40.738274,,1.948565,,,69.097,,,,,154.0800018310547,65.98999786376953,135.91,113.86,104.32,▲ 기관주도,0.7621,-0.1262,0.5263,▲ 추세탑승,▲ 주도대장,▼ 비중조절,2026-08-23 07:46:55
VRT,버티브 홀딩스,261.95001220703125,59.942795,28.789543,21.195082,4.43,9.09879,12.359,0.1,,338.15384,적극매수,379.93499755859375,118.69999694824219,300.3,220.92,253.11,━ 눌림조정,1.2502,-0.3105,0.7511,▲ 분할매수,▲ 주도대장,▼ 소액접근,2026-08-23 07:46:55
VSAT,비아샛,74.72000122070312,,448.31107,2.1894689,-0.2,0.16667,34.127,,,101.44,매수,93.02999877929688,26.100000381469727,88.4,69.82,55.49,▲ 기관주도,4.8239,-0.1968,0.9851,▲ 추세탑승,▲ 주도대장,▼ 소액접근,2026-08-23 07:46:55
VTI,VANGUARD TOTAL STOCK MARKET,378.239990234375,25.380682,,2.7112813,,,139.506,0.0106,,,,385.1199951171875,310.3999938964844,385.12,360.2,347.49,▲ 기관주도,0.2956,-0.0179,0.139,▲ 상승유지,▲ 실적지속,▲ 비중확대,2026-08-23 07:46:55
WDC,웨스턴 디지털,459.44000244140625,17.066864,14.470765,21.967009,26.92,31.74953,20.915,0.13,,664.9167,매수,799.8699951171875,76.69999694824219,580.0,407.48,358.16,━ 눌림조정,6.6298,-0.4256,1.038,▲ 분할매수,▲ 주도대장,▼ 소액접근,2026-08-23 07:46:55
XAR,SPDR S&P AEROSPACE & DEFENSE,272.739990234375,37.5715,,,,,,0.31,,,,297.7900085449219,211.8000030517578,297.79,254.93,265.06,━ 눌림조정,0.3609,-0.0841,0.3224,━ 눌림지지,▲ 실적지속,━ 정상비중,2026-08-23 07:46:55
XBI,SPDR S&P BIOTECH,165.72999572753906,,,,,,,0.39,,,,169.67999267578125,88.5999984741211,169.68,143.78,132.52,▲ 기관주도,1.0237,-0.0233,0.3206,▲ 추세탑승,▲ 주도대장,━ 정상비중,2026-08-23 07:46:55
XLB,SPDR THE MATERIALS SELECT SECTOR,53.540000915527344,26.209557,,0.676745,,,79.114,0.0168,,,,54.13999938964844,42.03499984741211,53.72,50.21,49.3,▲ 기관주도,0.2541,-0.0111,0.1978,▲ 상승유지,▲ 실적지속,▲ 비중확대,2026-08-23 07:46:55
XLC,SPDR COMMUNICATION SERVICES SELECT SECTOR,111.4000015258789,16.128244,,,,,,0.0132,,,,120.40499877929688,105.02999877929688,113.5,105.49,113.57,▼ 하락추세,0.0858,-0.0748,0.1999,▼ 하락관망,▲ 시장동행,▲ 비중확대,2026-08-23 07:46:55
XLE,SPDR ENERGY SELECT SECTOR,63.63999938964844,21.45217,,1.2211455,,,52.115,0.0255,,,,64.69999694824219,42.349998474121094,64.7,57.11,53.39,▲ 기관주도,0.5256,-0.0164,0.2281,▲ 추세탑승,▲ 주도대장,━ 정상비중,2026-08-23 07:46:55
XLF,SPDR FINANCIAL SELECT SECTOR,57.47999954223633,16.821766,,1.6897434,,,34.017,0.014199999999999999,,,,58.40999984741211,47.66999816894531,58.41,56.18,52.92,▲ 기관주도,0.1486,-0.0159,0.133,▲ 상승유지,▲ 시장동행,▲ 비중확대,2026-08-23 07:46:55
XLI,SPDR INDUSTRIAL SELECT SECTOR,180.25,29.883947,,1.832144,,,98.382,0.0115,,,,188.19000244140625,147.13999938964844,188.19,175.96,168.95,━ 눌림조정,0.2691,-0.0422,0.187,━ 눌림지지,▲ 실적지속,▲ 비중확대,2026-08-23 07:46:55
XLK,SPDR TECHNOLOGY SELECT SECTOR,183.30999755859375,35.213814,,1.2273443,,,149.355,0.45,,,,198.72999572753906,126.68000030517578,191.75,166.46,158.13,▲ 기관주도,0.5174,-0.0776,0.3547,▲ 추세탑승,▲ 주도대장,▼ 비중조절,2026-08-23 07:46:55
XLP,SPDR CONSUMER STAPLES SELECT SECTOR,85.98999786376953,26.418015,,1.2612758,,,68.177,0.0258,,,,90.13999938964844,75.16000366210938,88.78,83.86,82.12,▲ 기관주도,0.0857,-0.046,0.1748,▲ 상승유지,▲ 시장동행,▲ 비중확대,2026-08-23 07:46:55
XLRE,SPDR THE REAL ESTATE SELECT SECTOR,45.08000183105469,32.68082,,,,,,0.031200000000000002,,,,46.45500183105469,39.724998474121094,46.46,44.01,42.41,▲ 기관주도,0.1088,-0.0296,0.162,▲ 상승유지,▲ 시장동행,▲ 비중확대,2026-08-23 07:46:55
XLU,SPDR UTILITIES SELECT SECTOR,42.77000045776367,19.468052,,0.6683857,,,63.99,0.027000000000000003,,,,47.79999923706055,41.150001525878906,46.43,42.75,44.33,▼ 하락추세,0.0823,-0.1052,0.1627,▼ 하락관망,▲ 시장동행,▲ 비중확대,2026-08-23 07:46:55
XLV,SPDR HEALTH CARE SELECT SECTOR,174.6199951171875,31.122429,,1.3721946,,,127.256,0.015600000000000001,,,,176.60000610351562,133.72999572753906,176.6,160.73,153.27,▲ 기관주도,0.3444,-0.0112,0.2013,▲ 상승유지,▲ 실적지속,━ 정상비중,2026-08-23 07:46:55
XLY,SPDR CONSUMER DISCRETIONARY SELECT SECTOR,118.0199966430664,26.861626,,0.70254177,,,167.99,0.78,,,,125.01000213623047,105.19000244140625,120.44,110.3,116.71,▲ 기관주도,0.1095,-0.0559,0.2211,▲ 상승유지,▲ 시장동행,━ 정상비중,2026-08-23 07:46:55
