ticker,name,market,country,product_type,asset_class,sector_industry,blue_chips,market_bm,ind_bm,notion_page_id,updated_at
0091P0,TIGER 코리아원자력,ETF(KR),한국,섹터테마알파,국내주식밸류,ETF / 코리아원자력,[],,,334f59db-db5b-804d-8216-df3dce96aac0,2026-08-26T22:19:48.961638
0104P0,TIGER 코리아배당다우존스위클리커버드콜,ETF(KR),한국,배당인컴상품,한미배당성장,ETF / 코리아배당다우존스,[],,,2f0f59db-db5b-8151-9b5c-e806356cae50,2026-08-26T22:19:48.961638
0111P0,1Q 미국나스닥100미국채혼합50액티브,ETF(KR),미국,채권금리상품,미국장기국채,ETF / 1Q 미국나스닥100미국채혼합50,[],,,2f0f59db-db5b-81dd-a3ac-f20e7e74c008,2026-08-26T22:19:48.961638
0115E0,KODEX 코리아소버린AI,ETF(KR),한국,섹터테마알파,국내주식밸류,ETF / 코리아소버린AI,[],,,2f0f59db-db5b-81f8-a06d-e3021c215177,2026-08-26T22:19:48.961638
0167A0,SOL AI반도체TOP2플러스,ETF(KR),한국,섹터테마알파,국내주식밸류,ETF / AI반도체,[],,,36ff59db-db5b-8015-9bc5-e74929466e6d,2026-08-26T22:19:48.961638
0173Y0,KODEX 미국AI광통신네트워크,ETF(KR),미국,섹터테마알파,글로벌성장주,ETF / 미국AI광통신네트워크,[],,,334f59db-db5b-80d6-a0d0-f57eadf6a738,2026-08-26T22:19:48.961638
0174B0,KoAct 글로벌AI메모리반도체액티브,ETF(KR),글로벌,섹터테마알파,글로벌성장주,ETF / KoAct 글로벌AI메모리반도체,[],,,342f59db-db5b-80d7-82b6-f58544a2fb72,2026-08-26T22:19:48.961638
0177X0,ACE K휴머노이드로봇산업TOP2+,ETF(KR),한국,섹터테마알파,국내주식밸류,ETF / K휴머노이드로봇산업,[],,,368f59db-db5b-8055-8ad0-e3423fbc6e85,2026-08-26T22:19:48.961638
0181L0,SOL 미국우주항공TOP10,ETF(KR),글로벌,섹터테마알파,글로벌성장주,ETF / 미국우주항공,[],,,349f59db-db5b-8009-9559-c2b9f5f76883,2026-08-26T22:19:48.961638
0190G0,KODEX 반도체타겟위클리커버드콜,ETF(KR),한국,섹터테마알파,국내주식밸류,ETF / 반도체,[],,,35ef59db-db5b-803c-a4b3-f0a84ea40f30,2026-08-26T22:19:48.961638
069500,KODEX 200,ETF(KR),한국,지수추종패시,국내주식밸류,ETF,[],,,2f0f59db-db5b-81b9-8fec-c95376dbc921,2026-08-26T22:19:48.961638
091160,KODEX 반도체,ETF(KR),한국,섹터테마알파,국내주식밸류,ETF / 반도체,[],,,35ef59db-db5b-8002-ad87-c4b06dae035a,2026-08-26T22:19:48.961638
091170,KODEX 은행,ETF(KR),한국,섹터테마알파,국내주식밸류,ETF / 은행,[],,,353f59db-db5b-80ed-a374-ced58bdbc1b8,2026-08-26T22:19:48.961638
091180,KODEX 자동차,ETF(KR),한국,섹터테마알파,국내주식밸류,ETF / 자동차,[],,,353f59db-db5b-801c-9161-c510d2c33986,2026-08-26T22:19:48.961638
102960,KODEX 기계장비,ETF(KR),한국,섹터테마알파,국내주식밸류,ETF / 기계장비,[],,,3bef59db-db5b-80cc-b419-ffd0de17c943,2026-08-26T22:19:48.961638
102970,KODEX 증권,ETF(KR),한국,섹터테마알파,국내주식밸류,ETF / 증권,[],,,2f8f59db-db5b-8001-a863-e3b0d6c9f5e3,2026-08-26T22:19:48.961638
117460,KODEX 에너지화학,ETF(KR),한국,섹터테마알파,국내주식밸류,ETF / 에너지화학,[],,,3bef59db-db5b-8071-a9a6-e2e7d211ce1e,2026-08-26T22:19:48.961638
117700,KODEX 건설,ETF(KR),한국,섹터테마알파,국내주식밸류,ETF / 건설,[],,,354f59db-db5b-8069-bdc7-e38f4cd66cb6,2026-08-26T22:19:48.961638
133690,TIGER 미국나스닥100,ETF(KR),미국,지수추종패시,글로벌성장주,ETF / 미국나스닥100,[],,,2f0f59db-db5b-81e8-be87-d77fcd8154d0,2026-08-26T22:19:48.961638
139240,TIGER 200 철강소재,ETF(KR),한국,지수추종패시,국내주식밸류,ETF / 철강소재,[],,,3bef59db-db5b-8030-bb05-f6925e481c78,2026-08-26T22:19:48.961638
139260,TIGER 200 IT,ETF(KR),한국,지수추종패시,국내주식밸류,ETF / IT,[],,,354f59db-db5b-80f8-a75a-e3942eb6c502,2026-08-26T22:19:48.961638
140700,KODEX 보험,ETF(KR),한국,섹터테마알파,국내주식밸류,ETF / 보험,[],,,3bef59db-db5b-809c-85e1-dc7686bb0f6d,2026-08-26T22:19:48.961638
157500,TIGER 증권,ETF(KR),한국,섹터테마알파,국내주식밸류,ETF / 증권,[],,,306f59db-db5b-8015-8473-fed0936511c7,2026-08-26T22:19:48.961638
161510,PLUS 고배당주,ETF(KR),한국,배당인컴상품,한미배당성장,ETF / 고배당주,[],,,2f0f59db-db5b-8129-a254-cc945a189d12,2026-08-26T22:19:48.961638
226490,KODEX 코스피,ETF(KR),한국,섹터테마알파,국내주식밸류,ETF / 코스피,[],,,353f59db-db5b-80ba-82ff-c1f99413d759,2026-08-26T22:19:48.961638
228800,TIGER 여행레저,ETF(KR),한국,섹터테마알파,국내주식밸류,ETF / 여행레저,[],,,3bef59db-db5b-8065-a95d-c6f979c39422,2026-08-26T22:19:48.961638
229200,KODEX 코스닥150,ETF(KR),한국,지수추종패시,국내주식밸류,ETF / 코스닥150,[],,,2f8f59db-db5b-80dc-984c-cb32f316dd1f,2026-08-26T22:19:48.961638
244580,KODEX 바이오,ETF(KR),한국,섹터테마알파,국내주식밸류,ETF / 바이오,[],,,354f59db-db5b-8015-b207-d14edc1118b7,2026-08-26T22:19:48.961638
284430,KODEX 200미국채혼합50,ETF(KR),미국,채권금리상품,미국장기국채,ETF / 미국채혼합50,[],,,2f0f59db-db5b-81b3-9be1-cd62ccb5769b,2026-08-26T22:19:48.961638
292190,KODEX KRX300,ETF(KR),한국,섹터테마알파,국내주식밸류,ETF / 300,[],,,355f59db-db5b-8087-9573-c5dce4d1e291,2026-08-26T22:19:48.961638
305540,TIGER 2차전지테마,ETF(KR),한국,섹터테마알파,국내주식밸류,ETF / 2차전지,[],,,3bef59db-db5b-8066-acc3-cdc84b50f49c,2026-08-26T22:19:48.961638
305720,KODEX 2차전지산업,ETF(KR),한국,섹터테마알파,국내주식밸류,ETF / 2차전지산업,[],,,353f59db-db5b-8021-aba5-e9a6eeb6af6e,2026-08-26T22:19:48.961638
360750,TIGER 미국S&P500,ETF(KR),미국,지수추종패시,글로벌성장주,ETF / 미국S&P500,[],,,2f0f59db-db5b-8119-92cb-fe77a7152e6a,2026-08-26T22:19:48.961638
364970,TIGER 바이오TOP10,ETF(KR),한국,섹터테마알파,국내주식밸류,ETF / 바이오,[],,,3bef59db-db5b-8087-a0fd-f6c7a01ef8a7,2026-08-26T22:19:48.961638
377990,TIGER Fn신재생에너지,ETF(KR),한국,섹터테마알파,국내주식밸류,ETF / 신재생에너지,[],,,35af59db-db5b-8012-8811-c80c4aa8e41a,2026-08-26T22:19:48.961638
379800,KODEX 미국S&P500,ETF(KR),미국,지수추종패시,글로벌성장주,ETF / 미국S&P500,[],,,2f0f59db-db5b-8193-ad4c-c02c228c3a91,2026-08-26T22:19:48.961638
379810,KODEX 미국나스닥100,ETF(KR),미국,지수추종패시,글로벌성장주,ETF / 미국나스닥100,[],,,2f0f59db-db5b-816a-a545-e048b6d63e41,2026-08-26T22:19:48.961638
381180,TIGER 미국필라델피아반도체나스닥,ETF(KR),미국,섹터테마알파,글로벌성장주,ETF / 미국필라델피아반도체나스닥,[],,,3bcf59db-db5b-803b-95d5-da4c0bef5f77,2026-08-26T22:19:48.961638
385510,KODEX 신재생에너지액티브,ETF(KR),한국,섹터테마알파,국내주식밸류,ETF / 신재생에너지,[],,,368f59db-db5b-8053-bacf-cdd82e63b38c,2026-08-26T22:19:48.961638
395160,KODEX AI반도체TOP2플러스,ETF(KR),한국,섹터테마알파,국내주식밸류,ETF / AI반도체,[],,,3bef59db-db5b-8023-ae12-dde867c9368e,2026-08-26T22:19:48.961638
396500,TIGER 반도체TOP10,ETF(KR),한국,섹터테마알파,국내주식밸류,ETF / 반도체,[],,,354f59db-db5b-80af-b3cf-c82a7f037603,2026-08-26T22:19:48.961638
411060,ACE KRX금현물,ETF(KR),한국,실물현금자산,골드실물자산,ETF / 금현물,[],,,2f0f59db-db5b-81d2-9cca-f951dd7778fe,2026-08-26T22:19:48.961638
442580,PLUS 글로벌HBM반도체,ETF(KR),글로벌,섹터테마알파,글로벌성장주,ETF / 글로벌HBM반도체,[],,,2f0f59db-db5b-81ca-9c98-d0563050a5c0,2026-08-26T22:19:48.961638
449450,PLUS K방산,ETF(KR),한국,섹터테마알파,국내주식밸류,ETF / K방산,[],,,313f59db-db5b-80b4-9b3a-e15f74d0c264,2026-08-26T22:19:48.961638
455850,SOL AI반도체소부장,ETF(KR),한국,섹터테마알파,국내주식밸류,ETF / AI반도체소부장,[],,,324f59db-db5b-809f-9791-f696ad2bc7d9,2026-08-26T22:19:48.961638
458730,TIGER 미국배당다우존스,ETF(KR),미국,배당인컴상품,한미배당성장,ETF / 미국배당다우존스,[],,,2f0f59db-db5b-813a-8c47-fd5273dc2242,2026-08-26T22:19:48.961638
459580,KODEX CD금리액티브(합성),ETF(KR),한국,채권금리상품,국내단기채권,ETF / CD금리,[],,,2f0f59db-db5b-8149-96b4-c0a28dba88ef,2026-08-26T22:19:48.961638
465580,ACE 미국빅테크TOP7 Plus,ETF(KR),미국,섹터테마알파,글로벌성장주,ETF / 미국빅테크Plus,[],,,2f0f59db-db5b-8176-a1b4-ffe8f36b3e10,2026-08-26T22:19:48.961638
466920,SOL 조선TOP3플러스,ETF(KR),한국,섹터테마알파,국내주식밸류,ETF / 조선,[],,,313f59db-db5b-80c6-88f2-daed09ab727b,2026-08-26T22:19:48.961638
471040,KoAct 글로벌AI&로봇액티브,ETF(KR),글로벌,섹터테마알파,글로벌성장주,ETF / KoAct 글로벌AI&로봇,[],,,345f59db-db5b-8011-9ee7-e172c0bbfdf8,2026-08-26T22:19:48.961638
471990,KODEX AI반도체핵심장비,ETF(KR),한국,섹터테마알파,국내주식밸류,ETF / AI반도체핵심장비,[],,,324f59db-db5b-8029-9283-c29eacd317fd,2026-08-26T22:19:48.961638
473330,SOL 미국30년국채커버드콜(합성),ETF(KR),미국,채권금리상품,미국장기국채,ETF / 미국30년국채,[],,,2f0f59db-db5b-812c-ab3e-c511364a00a3,2026-08-26T22:19:48.961638
478150,TIME 글로벌우주테크&방산액티브,ETF(KR),글로벌,섹터테마알파,글로벌성장주,ETF / TIME 글로벌우주테크&방산,[],,,313f59db-db5b-80d2-ad3e-f213a41eca63,2026-08-26T22:19:48.961638
483320,ACE 엔비디아밸류체인액티브,ETF(KR),미국,섹터테마알파,글로벌성장주,ETF / 엔비디아,[],,,313f59db-db5b-805f-b7ce-d2f5a37d34a9,2026-08-26T22:19:48.961638
483330,ACE 마이크로소프트밸류체인액티브,ETF(KR),미국,섹터테마알파,글로벌성장주,ETF / 마이크로소프트,[],,,2f0f59db-db5b-81be-a819-f75b90a26edb,2026-08-26T22:19:48.961638
483340,ACE 구글밸류체인액티브,ETF(KR),미국,섹터테마알파,글로벌성장주,ETF / 구글,[],,,2f0f59db-db5b-812f-96ec-d4aadb2272c5,2026-08-26T22:19:48.961638
487230,KODEX 미국AI전력핵심인프라,ETF(KR),미국,섹터테마알파,글로벌성장주,ETF / 미국AI전력핵심인프라,[],,,2f0f59db-db5b-81b9-b6e5-fc0fdf6212ba,2026-08-26T22:19:48.961638
487240,KODEX AI전력핵심설비,ETF(KR),한국,섹터테마알파,국내주식밸류,ETF / AI전력핵심설비,[],,,2f0f59db-db5b-8188-b60d-d5784982ec23,2026-08-26T22:19:48.961638
489250,KODEX 미국배당다우존스,ETF(KR),미국,배당인컴상품,한미배당성장,ETF / 미국배당다우존스,[],,,2f0f59db-db5b-81e6-980d-c313ae72aafb,2026-08-26T22:19:48.961638
BIZD,VANECK BDC INCOME,ETF(US),미국,섹터테마알파,글로벌성장주,ETF / VANECK BDC INCOME,[],,,2fdf59db-db5b-80f7-a40b-dbdcbef55fdc,2026-08-26T22:19:48.961638
BOTZ,GLOBAL X ROBOTICS & ARTIFICIAL INTELLIGENCE,ETF(US),미국,섹터테마알파,글로벌성장주,ETF / 글로벌로봇AI,[],,,358f59db-db5b-80ec-9c5b-f399737f4e2f,2026-08-26T22:19:48.961638
CIBR,FIRST TRUST NASDAQ CYBERSECURITY,ETF(US),미국,섹터테마알파,글로벌성장주,ETF / FIRST NASDAQ CYBERSECURITY,[],,,3bef59db-db5b-80c5-aa47-cbe91f4b3b5c,2026-08-26T22:19:48.961638
COWZ,PACER US CASH COWS 100,ETF(US),미국,섹터테마알파,글로벌성장주,ETF / PACER US CASH COWS 100,[],,,388f59db-db5b-8071-82a8-ec6e8a9ed2c2,2026-08-26T22:19:48.961638
EEM,ISHARES MSCI EMERGING MARKETS,ETF(US),미국,섹터테마알파,글로벌성장주,ETF / MSCI EMERGING MARKETS,[],,,2fdf59db-db5b-8095-a72c-eb5b318b6297,2026-08-26T22:19:48.961638
EWY,ISHARES MSCI SOUTH KOREA CAPPED,ETF(US),미국,섹터테마알파,글로벌성장주,ETF / MSCI SOUTH KOREA CAPPED,[],,,311f59db-db5b-80b1-b7d1-f33dc527c69b,2026-08-26T22:19:48.961638
EWZ,ISHARES MSCI BRAZIL CAPPED,ETF(US),미국,섹터테마알파,글로벌성장주,ETF / MSCI BRAZIL CAPPED,[],,,312f59db-db5b-80e3-ac78-d31c947467f3,2026-08-26T22:19:48.961638
FLKR,FRANKLIN FTSE SOUTH KOREA,ETF(US),미국,섹터테마알파,글로벌성장주,ETF / FRANKLIN FTSE SOUTH KOREA,[],,,311f59db-db5b-8063-9672-ef553a386c17,2026-08-26T22:19:48.961638
GDX,VANECK GOLD MINERS,ETF(US),미국,섹터테마알파,글로벌성장주,ETF / VANECK GOLD MINERS,[],,,2f5f59db-db5b-8010-937c-c7247630634d,2026-08-26T22:19:48.961638
IDGT,ISHARES NORTH AMERICAN TECH MULTIMEDIA NETWORKING,ETF(US),미국,섹터테마알파,글로벌성장주,ETF / NORTH AMERICAN TECH MULTIMEDIA NETWORKING,[],,,358f59db-db5b-8021-b4eb-dd3424e79790,2026-08-26T22:19:48.961638
IGV,ISHARES NORTH AMERICAN TECH SOFTWARE,ETF(US),미국,섹터테마알파,글로벌성장주,ETF / NORTH AMERICAN TECH SOFTWARE,[],,,306f59db-db5b-804f-98e0-c46f07d0b048,2026-08-26T22:19:48.961638
IWM,ISHARES RUSSELL 2000,ETF(US),미국,섹터테마알파,글로벌성장주,ETF / RUSSELL 2000,[],,,2f9f59db-db5b-8051-afc3-c80e4eb7337c,2026-08-26T22:19:48.961638
JETS,US GLOBAL JETS,ETF(US),미국,섹터테마알파,글로벌성장주,ETF / US GLOBAL JETS,[],,,3bef59db-db5b-80cb-af07-feda4264455a,2026-08-26T22:19:48.961638
LAZR,TEMA PHOTONICS & OPTICAL,ETF(US),미국,섹터테마알파,글로벌성장주,ETF / TEMA PHOTONICS & OPTICAL,[],,,38ff59db-db5b-8025-9523-cd143c14e1a4,2026-08-26T22:19:48.961638
LIT,GLOBAL X LITHIUM & BATTERY TECH,ETF(US),미국,섹터테마알파,글로벌성장주,ETF / 글로벌2차전지,[],,,3bef59db-db5b-8024-b363-ddf9ce98fd1c,2026-08-26T22:19:48.961638
MOAT,VANECK MORNINGSTAR WIDE MOAT,ETF(US),미국,섹터테마알파,글로벌성장주,ETF / VANECK MORNINGSTAR WIDE MOAT,[],,,388f59db-db5b-8010-8246-c8b988d635f4,2026-08-26T22:19:48.961638
ONEQ,FIDELITY NASDAQ COMPOSITE TRACKING STOCK,ETF(US),미국,섹터테마알파,글로벌성장주,ETF / FIDELITY NASDAQ COMPOSITE TRACKING STOCK,[],,,358f59db-db5b-802f-ab9e-d3c652e756e0,2026-08-26T22:19:48.961638
QQQ,INVESCO QQQ TRUST,ETF(US),미국,지수추종패시,글로벌성장주,ETF / 나스닥100,[],,,352f59db-db5b-8066-bbe4-f3b028116257,2026-08-26T22:19:48.961638
QTUM,DEFIANCE QUANTUM,ETF(US),미국,섹터테마알파,글로벌성장주,ETF / DEFIANCE QUANTUM,[],,,3bef59db-db5b-80f9-8cf8-c240cc9421b0,2026-08-26T22:19:48.961638
RSP,INVESCO S&P 500 EQUAL WEIGHT,ETF(US),미국,섹터테마알파,글로벌성장주,ETF / S&P 500 EQUAL WEIGHT,[],,,312f59db-db5b-80ac-9793-da3c41bb48b4,2026-08-26T22:19:48.961638
SCHD,SCHWAB US DIVIDEND EQUITY,ETF(US),미국,배당인컴상품,한미배당성장,ETF / 미국배당다우존스,[],,,358f59db-db5b-80ad-90ff-cef6e1acf8e2,2026-08-26T22:19:48.961638
SOXX,ISHARES SEMICONDUCTOR,ETF(US),미국,섹터테마알파,글로벌성장주,ETF / 미국반도체,[],,,353f59db-db5b-806d-a634-c3868792ffae,2026-08-26T22:19:48.961638
SPY,SPDR S&P 500,ETF(US),미국,지수추종패시,글로벌성장주,ETF / S&P500,[],,,352f59db-db5b-80c2-a064-c30bf43c742c,2026-08-26T22:19:48.961638
URA,GLOBAL X URANIUM,ETF(US),미국,섹터테마알파,글로벌성장주,ETF / GLOBAL X URANIUM,[],,,2f0f59db-db5b-81f5-8663-cf0a9b178838,2026-08-26T22:19:48.961638
USO,UNITED STATES OIL,ETF(US),미국,실물현금자산,원자재와달러,ETF / UNITED STATES OIL,[],,,388f59db-db5b-80ad-96da-d4589ba00181,2026-08-26T22:19:48.961638
VTI,VANGUARD TOTAL STOCK MARKET,ETF(US),미국,지수추종패시,글로벌성장주,ETF / TOTAL STOCK MARKET,[],,,358f59db-db5b-80f8-86df-dac63f6489f4,2026-08-26T22:19:48.961638
XAR,SPDR S&P AEROSPACE & DEFENSE,ETF(US),미국,섹터테마알파,글로벌성장주,ETF / S&P AEROSPACE & DEFENSE,[],,,310f59db-db5b-8002-a6e5-caefc2b6a3c3,2026-08-26T22:19:48.961638
XBI,SPDR S&P BIOTECH,ETF(US),미국,섹터테마알파,글로벌성장주,ETF / S&P BIOTECH,[],,,3bef59db-db5b-8012-b6d2-e28b0129fd87,2026-08-26T22:19:48.961638
XLB,SPDR THE MATERIALS SELECT SECTOR,ETF(US),미국,섹터테마알파,글로벌성장주,ETF / THE MATERIALS,[],,,3bef59db-db5b-805e-bd6f-f1bb7bfc30d1,2026-08-26T22:19:48.961638
XLC,SPDR COMMUNICATION SERVICES SELECT SECTOR,ETF(US),미국,섹터테마알파,글로벌성장주,ETF / COMMUNICATION SERVICES,[],,,353f59db-db5b-804d-9301-c77bc0ed1261,2026-08-26T22:19:48.961638
XLE,SPDR ENERGY SELECT SECTOR,ETF(US),미국,섹터테마알파,글로벌성장주,ETF / 미국에너지,[],,,3bef59db-db5b-8099-8f27-ca2c820d3598,2026-08-26T22:19:48.961638
XLF,SPDR FINANCIAL SELECT SECTOR,ETF(US),미국,섹터테마알파,글로벌성장주,ETF / 미국금융,[],,,353f59db-db5b-80c7-9ba1-c14b9bbb8f06,2026-08-26T22:19:48.961638
XLI,SPDR INDUSTRIAL SELECT SECTOR,ETF(US),미국,섹터테마알파,글로벌성장주,ETF / 미국산업재,[],,,310f59db-db5b-8081-b708-df80b0a891a4,2026-08-26T22:19:48.961638
XLK,SPDR TECHNOLOGY SELECT SECTOR,ETF(US),미국,섹터테마알파,글로벌성장주,ETF / 미국테크,[],,,353f59db-db5b-8018-8fa5-e987c94cee5a,2026-08-26T22:19:48.961638
XLP,SPDR CONSUMER STAPLES SELECT SECTOR,ETF(US),미국,섹터테마알파,글로벌성장주,ETF / CONSUMER STAPLES,[],,,3bef59db-db5b-80c0-a1f6-dfcb86604f5a,2026-08-26T22:19:48.961638
XLRE,SPDR THE REAL ESTATE SELECT SECTOR,ETF(US),미국,섹터테마알파,글로벌성장주,ETF / THE REAL ESTATE,[],,,3bef59db-db5b-803e-8e5d-cb64d9c6d5b0,2026-08-26T22:19:48.961638
XLU,SPDR UTILITIES SELECT SECTOR,ETF(US),미국,섹터테마알파,글로벌성장주,ETF / UTILITIES,[],,,358f59db-db5b-80e2-8e75-e2bf65586e26,2026-08-26T22:19:48.961638
XLV,SPDR HEALTH CARE SELECT SECTOR,ETF(US),미국,섹터테마알파,글로벌성장주,ETF / 미국헬스케어,[],,,353f59db-db5b-8022-96db-e4a6ca68ed83,2026-08-26T22:19:48.961638
XLY,SPDR CONSUMER DISCRETIONARY SELECT SECTOR,ETF(US),미국,섹터테마알파,글로벌성장주,ETF / CONSUMER DISCRETIONARY,[],,,353f59db-db5b-8081-82b6-d580a42f2552,2026-08-26T22:19:48.961638
2454,대만 미디어텍(MediaTek),GLOBAL,글로벌,개별기업주식,글로벌성장주,전기전자 / AI반도체,[],,,38ff59db-db5b-8093-8819-f54a4052483b,2026-08-26T22:19:48.961638
ABBNY,ABB Ltd ADR,GLOBAL,유럽,개별기업주식,글로벌성장주,산업재 / 전력기기·자동화,[],,,38ff59db-db5b-8010-bad3-c21fd048bda8,2026-08-26T22:19:48.961638
ARM,Arm 홀딩스(ADR),GLOBAL,유럽,개별기업주식,글로벌성장주,IT / AI반도체,"[""S&P 500""]",,,345f59db-db5b-80d2-b428-fbc142a2f012,2026-08-26T22:19:48.961638
ASML,ASML 홀딩(ADR),GLOBAL,유럽,개별기업주식,글로벌성장주,IT / 반도체소부장,"[""S&P 500""]",,,368f59db-db5b-803e-840a-ca0fcc3b353b,2026-08-26T22:19:48.961638
ASX,ASE 테크놀로지 홀딩(ADR),GLOBAL,글로벌,개별기업주식,글로벌성장주,Technology / AI반도체,[],,,3bdf59db-db5b-8013-9406-d514f544075f,2026-08-26T22:19:48.961638
MBGYY,메르세데스-벤츠 그룹 ADR,GLOBAL,유럽,개별기업주식,글로벌성장주,자유소비재 / 전기차완성차,[],,,38ff59db-db5b-8086-92b5-e25b5efd5c31,2026-08-26T22:19:48.961638
NBIS,네비우스 그룹,GLOBAL,유럽,개별기업주식,글로벌성장주,Communication Services / 인터넷플랫폼,"[""S&P 500""]",,,345f59db-db5b-8056-9d3a-e28f4966da3e,2026-08-26T22:19:48.961638
NXPI,NXP 세미컨덕터스,GLOBAL,유럽,개별기업주식,글로벌성장주,IT / AI반도체,"[""S&P 500""]",,,3bdf59db-db5b-8002-9460-f18409c911d0,2026-08-26T22:19:48.961638
SBGSY,슈나이더 일렉트릭 ADR,GLOBAL,유럽,개별기업주식,글로벌성장주,산업재 / 로봇·자동화,[],,,38ff59db-db5b-8046-8e78-ca111e165e21,2026-08-26T22:19:48.961638
SIEGY,지멘스 AG ADR,GLOBAL,유럽,개별기업주식,글로벌성장주,산업재 / 로봇·자동화,[],,,38ff59db-db5b-8006-bb5c-d3b0ead5c406,2026-08-26T22:19:48.961638
STM,ST 마이크로일렉트로닉스(ADR),GLOBAL,유럽,개별기업주식,글로벌성장주,IT / AI반도체,[],,,3bdf59db-db5b-80b5-8ba5-c680effa0cb6,2026-08-26T22:19:48.961638
STX,시게이트 테크놀로지 홀딩스,GLOBAL,글로벌,개별기업주식,글로벌성장주,Technology / Computer Hardware,"[""S&P 500""]",,,2f8f59db-db5b-80d3-8eb9-eee1e26d0b9a,2026-08-26T22:19:48.961638
TSM,TSMC(ADR),GLOBAL,글로벌,개별기업주식,글로벌성장주,IT / AI반도체,[],,,2f0f59db-db5b-81b2-8a08-f1cafdffb710,2026-08-26T22:19:48.961638
014620,성광벤드,KOSDAQ,한국,개별기업주식,국내주식밸류,제조업 / 관이음쇠,[],,,345f59db-db5b-8029-8e31-eb323958609e,2026-08-26T22:19:48.961638
018000,유니슨,KOSDAQ,한국,개별기업주식,국내주식밸류,제조업 / 대체에너지,[],,,345f59db-db5b-8027-8806-f89d9956a99e,2026-08-26T22:19:48.961638
023160,태광,KOSDAQ,한국,개별기업주식,국내주식밸류,제조업 / 관이음쇠,[],,,38af59db-db5b-80bd-84da-ff1f78800653,2026-08-26T22:19:48.961638
031980,피에스케이홀딩스,KOSDAQ,한국,개별기업주식,국내주식밸류,제조업 / 3D낸드,[],,,312f59db-db5b-804a-a20e-dc870d67793f,2026-08-26T22:19:48.961638
032820,우리기술,KOSDAQ,한국,개별기업주식,국내주식밸류,제조업 / 3D프린터,[],,,345f59db-db5b-801b-9bcc-c001ad633815,2026-08-26T22:19:48.961638
033100,제룡전기,KOSDAQ,한국,개별기업주식,국내주식밸류,제조업 / 그린홈,[],,,2f0f59db-db5b-8111-a09b-c178f2992d3e,2026-08-26T22:19:48.961638
033500,동성화인텍,KOSDAQ,한국,개별기업주식,국내주식밸류,제조업 / 대체에너지,[],,,31ff59db-db5b-80cc-b068-c5b75f2a5804,2026-08-26T22:19:48.961638
036190,금화피에스시,KOSDAQ,한국,개별기업주식,국내주식밸류,에너지인프라 / 원자력,[],,,345f59db-db5b-8036-a3e1-d2cdcf8b1fff,2026-08-26T22:19:48.961638
036540,SFA반도체,KOSDAQ,한국,개별기업주식,국내주식밸류,제조업 / SSD,[],,,35ef59db-db5b-80d7-8d01-f1f66c94d5ba,2026-08-26T22:19:48.961638
036830,솔브레인홀딩스,KOSDAQ,한국,개별기업주식,국내주식밸류,제조업 / 3D낸드,[],,,3bdf59db-db5b-8006-8ffc-f7e99bd8778f,2026-08-26T22:19:48.961638
036930,주성엔지니어링,KOSDAQ,한국,개별기업주식,국내주식밸류,제조업 / AMOLED,[],,,345f59db-db5b-8050-bd95-e24bed89709b,2026-08-26T22:19:48.961638
039030,이오테크닉스,KOSDAQ,한국,개별기업주식,국내주식밸류,전기전자 / HBM,[],,,2f0f59db-db5b-81f8-8159-f025bd91a569,2026-08-26T22:19:48.961638
044490,태웅,KOSDAQ,한국,개별기업주식,국내주식밸류,산업재 / 기계,[],,,345f59db-db5b-8025-b9f7-c4135f715c61,2026-08-26T22:19:48.961638
053610,프로텍,KOSDAQ,한국,개별기업주식,국내주식밸류,제조업 / 3D프린터,[],,,35ff59db-db5b-8036-bae5-c8832acc0eea,2026-08-26T22:19:48.961638
058470,리노공업,KOSDAQ,한국,개별기업주식,국내주식밸류,전기전자 / 반도체/반도체장비,[],,,2f0f59db-db5b-8145-b69a-d8992058e3ee,2026-08-26T22:19:48.961638
058610,에스피지,KOSDAQ,한국,개별기업주식,국내주식밸류,"제조업 / AR,VR",[],,,368f59db-db5b-80b3-881b-ca53ffbc8344,2026-08-26T22:19:48.961638
059090,미코,KOSDAQ,한국,개별기업주식,국내주식밸류,전기전자 / 반도체재료,[],,,345f59db-db5b-80eb-a968-d1c7baf6d615,2026-08-26T22:19:48.961638
060370,LS마린솔루션,KOSDAQ,한국,개별기업주식,국내주식밸류,에너지인프라 / 가스하이드레이트,[],,,2f0f59db-db5b-81d3-addc-cf8575510803,2026-08-26T22:19:48.961638
064760,티씨케이,KOSDAQ,한국,개별기업주식,국내주식밸류,제조업 / 그래핀,[],,,345f59db-db5b-806e-a7e2-e7cb6e3f4799,2026-08-26T22:19:48.961638
067310,하나마이크론,KOSDAQ,한국,개별기업주식,국내주식밸류,제조업 / SSD,[],,,3baf59db-db5b-80f5-9143-ca6230ecc37a,2026-08-26T22:19:48.961638
077360,덕산하이메탈,KOSDAQ,한국,개별기업주식,국내주식밸류,제조업 / AMOLED,[],,,368f59db-db5b-8002-ab72-ed90c4d286fc,2026-08-26T22:19:48.961638
078600,대주전자재료,KOSDAQ,한국,개별기업주식,국내주식밸류,"2차전지 / 2차전지(소재,부품,장비)",[],,,3bdf59db-db5b-806e-b1ff-d45bc3ce880d,2026-08-26T22:19:48.961638
080220,제주반도체,KOSDAQ,한국,개별기업주식,국내주식밸류,제조업 / 스마트폰,[],,,3baf59db-db5b-809f-b875-e8f4d498f60c,2026-08-26T22:19:48.961638
083650,비에이치아이,KOSDAQ,한국,개별기업주식,국내주식밸류,산업재 / 기계,[],,,2f0f59db-db5b-813a-94a9-df85427e084d,2026-08-26T22:19:48.961638
084370,유진테크,KOSDAQ,한국,개별기업주식,국내주식밸류,제조업 / 3D낸드,[],,,301f59db-db5b-8094-aa18-c175b6c7ec05,2026-08-26T22:19:48.961638
086390,유니테스트,KOSDAQ,한국,개별기업주식,국내주식밸류,제조업 / 3D낸드,[],,,345f59db-db5b-8042-a468-e5d7044fca77,2026-08-26T22:19:48.961638
086520,에코프로,KOSDAQ,한국,개별기업주식,국내주식밸류,"2차전지 / 2차전지(소재,부품,장비)",[],,,3bdf59db-db5b-8084-84c5-e91c853bb5d1,2026-08-26T22:19:48.961638
089030,테크윙,KOSDAQ,한국,개별기업주식,국내주식밸류,제조업 / 3D낸드,[],,,2f0f59db-db5b-814e-8971-e50eb83a52c2,2026-08-26T22:19:48.961638
089970,브이엠,KOSDAQ,한국,개별기업주식,국내주식밸류,제조업 / 2018 신규 상장주,[],,,3b9f59db-db5b-80f7-ae21-d8764f687d4a,2026-08-26T22:19:48.961638
090710,휴림로봇,KOSDAQ,한국,개별기업주식,국내주식밸류,산업재 / 로봇,[],,,3b9f59db-db5b-80ff-890c-f3987be5bc49,2026-08-26T22:19:48.961638
092870,엑시콘,KOSDAQ,한국,개별기업주식,국내주식밸류,전기전자 / CXL,"[""KRX 300""]",,,36ff59db-db5b-8075-b8b1-ff93263a4cdf,2026-08-26T22:19:48.961638
094820,일진파워,KOSDAQ,한국,개별기업주식,국내주식밸류,제조업 / 수소에너지,[],,,345f59db-db5b-8049-aea5-e3b1d5e036da,2026-08-26T22:19:48.961638
095340,ISC,KOSDAQ,한국,개별기업주식,국내주식밸류,전기전자 / 반도체/반도체장비,[],,,2f0f59db-db5b-8190-a174-f145d65b08bf,2026-08-26T22:19:48.961638
095610,테스,KOSDAQ,한국,개별기업주식,국내주식밸류,제조업 / 3D낸드,[],,,301f59db-db5b-80b7-82fe-f2bb5209acb2,2026-08-26T22:19:48.961638
098460,고영,KOSDAQ,한국,개별기업주식,국내주식밸류,산업재 / 로봇,[],,,2f0f59db-db5b-8146-9b1d-da1591275e46,2026-08-26T22:19:48.961638
100130,동국S&C,KOSDAQ,한국,개별기업주식,국내주식밸류,에너지인프라 / 풍력발전,[],,,345f59db-db5b-80cd-9a04-e2a3f2f0c853,2026-08-26T22:19:48.961638
101490,에스앤에스텍,KOSDAQ,한국,개별기업주식,국내주식밸류,제조업 / TFT-LCD 장비,[],,,303f59db-db5b-80f4-80a4-ecabf3fe5a73,2026-08-26T22:19:48.961638
107640,한중엔시에스,KOSDAQ,한국,개별기업주식,국내주식밸류,제조업 / 2024 신규 상장주,[],,,3bdf59db-db5b-80cd-86f1-f4898d55a8b0,2026-08-26T22:19:48.961638
108490,로보티즈,KOSDAQ,한국,개별기업주식,국내주식밸류,제조업 / 2018 신규 상장주,[],,,2f0f59db-db5b-81ba-bb64-f7758c524444,2026-08-26T22:19:48.961638
121600,나노신소재,KOSDAQ,한국,개별기업주식,국내주식밸류,"2차전지 / 2차전지(소재,부품,장비)",[],,,3bdf59db-db5b-8015-a2ee-efe1a7713966,2026-08-26T22:19:48.961638
126340,비나텍,KOSDAQ,한국,개별기업주식,국내주식밸류,제조업 / 일차전지 및 이차전지 제조업,[],,,345f59db-db5b-80a7-999c-dff2b872fd56,2026-08-26T22:19:48.961638
131290,티에스이,KOSDAQ,한국,개별기업주식,국내주식밸류,제조업 / LED,[],,,368f59db-db5b-80fb-9ce1-c4a003ac7f8c,2026-08-26T22:19:48.961638
131970,두산테스나,KOSDAQ,한국,개별기업주식,국내주식밸류,전기전자 / 반도체/반도체장비,[],,,303f59db-db5b-80f0-9a6e-d465cd6ff4ef,2026-08-26T22:19:48.961638
137400,피엔티,KOSDAQ,한국,개별기업주식,국내주식밸류,"2차전지 / 2차전지(소재,부품,장비)",[],,,3bdf59db-db5b-8053-9438-c34cc9470450,2026-08-26T22:19:48.961638
140860,파크시스템스,KOSDAQ,한국,개별기업주식,국내주식밸류,"제조업 / 측정, 시험, 항해, 제어 및 기타 정밀기기 제조업; 광학기기 제외",[],,,2f0f59db-db5b-817b-861d-da723cc745ac,2026-08-26T22:19:48.961638
161580,필옵틱스,KOSDAQ,한국,개별기업주식,국내주식밸류,"2차전지 / 2차전지(소재,부품,장비)",[],,,2f0f59db-db5b-81b7-a90e-f91fc1b1de21,2026-08-26T22:19:48.961638
166090,하나머티리얼즈,KOSDAQ,한국,개별기업주식,국내주식밸류,전기전자 / 반도체/반도체장비,[],,,35ef59db-db5b-8083-8d4a-ce7af36ae456,2026-08-26T22:19:48.961638
170920,엘티씨,KOSDAQ,한국,개별기업주식,국내주식밸류,전기전자 / 반도체/반도체장비,[],,,35ff59db-db5b-8098-8845-e1419e031ce5,2026-08-26T22:19:48.961638
178320,서진시스템,KOSDAQ,한국,개별기업주식,국내주식밸류,제조업 / 5G,[],,,324f59db-db5b-80a8-b73c-d42ec29703cd,2026-08-26T22:19:48.961638
183300,코미코,KOSDAQ,한국,개별기업주식,국내주식밸류,전기전자 / 반도체/반도체장비,[],,,344f59db-db5b-80c0-9b96-e3d61c8dc3d4,2026-08-26T22:19:48.961638
213420,덕산네오룩스,KOSDAQ,한국,개별기업주식,국내주식밸류,제조업 / OLED,[],,,31af59db-db5b-8043-88b5-ec9edc146c60,2026-08-26T22:19:48.961638
218410,RFHIC,KOSDAQ,한국,개별기업주식,국내주식밸류,제조업 / 5G,[],,,2f0f59db-db5b-81a2-a404-ce227666683d,2026-08-26T22:19:48.961638
222080,SFA넥셀,KOSDAQ,한국,개별기업주식,국내주식밸류,"2차전지 / 2차전지(LEP,리튬인산철)",[],,,3bdf59db-db5b-80b2-b318-cf04fbe5ee29,2026-08-26T22:19:48.961638
222800,심텍,KOSDAQ,한국,개별기업주식,국내주식밸류,제조업 / 3D낸드,[],,,345f59db-db5b-80da-9b18-d020b1b07bad,2026-08-26T22:19:48.961638
232140,와이씨,KOSDAQ,한국,개별기업주식,국내주식밸류,산업재 / 특수 목적용 기계 제조업,[],,,344f59db-db5b-80c4-b35f-ffd928ddac01,2026-08-26T22:19:48.961638
240810,원익IPS,KOSDAQ,한국,개별기업주식,국내주식밸류,제조업 / 3D낸드,[],,,3baf59db-db5b-80ed-ba33-ddc921135b13,2026-08-26T22:19:48.961638
247540,에코프로비엠,KOSDAQ,한국,개별기업주식,국내주식밸류,제조업 / 2019 신규 상장주,[],,,3bdf59db-db5b-8020-9054-d0c0d0b79e87,2026-08-26T22:19:48.961638
277810,레인보우로보틱스,KOSDAQ,한국,개별기업주식,국내주식밸류,제조업 / 2021 신규 상장주,[],,,368f59db-db5b-8016-a52c-cccadd8defa6,2026-08-26T22:19:48.961638
281740,레이크머티리얼즈,KOSDAQ,한국,개별기업주식,국내주식밸류,화학소재 / 기타 화학제품 제조업,[],,,345f59db-db5b-802f-afdf-e40cd039f523,2026-08-26T22:19:48.961638
297090,씨에스베어링,KOSDAQ,한국,개별기업주식,국내주식밸류,제조업 / 2019 신규 상장주,[],,,312f59db-db5b-8013-80eb-dcf30c440e69,2026-08-26T22:19:48.961638
299030,하나기술,KOSDAQ,한국,개별기업주식,국내주식밸류,제조업 / 2020 신규 상장주,[],,,3bdf59db-db5b-8040-92d6-e7c02db30c72,2026-08-26T22:19:48.961638
319660,피에스케이,KOSDAQ,한국,개별기업주식,국내주식밸류,제조업 / 3D낸드,[],,,344f59db-db5b-80e8-ba4e-ef15ede755e5,2026-08-26T22:19:48.961638
323280,태성,KOSDAQ,한국,개별기업주식,국내주식밸류,산업재 / 특수 목적용 기계 제조업,[],,,35ef59db-db5b-803c-afb3-f7c871491345,2026-08-26T22:19:48.961638
348210,넥스틴,KOSDAQ,한국,개별기업주식,국내주식밸류,제조업 / 2020 신규 상장주,[],,,35ef59db-db5b-80f5-be7a-e2c9e0ec06c4,2026-08-26T22:19:48.961638
348340,뉴로메카,KOSDAQ,한국,개별기업주식,국내주식밸류,제조업 / 2022 신규 상장주,[],,,368f59db-db5b-8038-9564-e9fdcb2c2a56,2026-08-26T22:19:48.961638
348370,엔켐,KOSDAQ,한국,개별기업주식,국내주식밸류,제조업 / 2021 신규 상장주,[],,,3bdf59db-db5b-80d5-8bbd-c8c8ec197734,2026-08-26T22:19:48.961638
356860,티엘비,KOSDAQ,한국,개별기업주식,국내주식밸류,전기전자 / 전자부품 제조업,[],,,2f0f59db-db5b-812c-a4fd-eb3bcda47746,2026-08-26T22:19:48.961638
357780,솔브레인,KOSDAQ,한국,개별기업주식,국내주식밸류,"2차전지 / 2차전지(소재,부품,장비)",[],,,2f0f59db-db5b-802c-b61b-e03eb3abacbf,2026-08-26T22:19:48.961638
382900,범한퓨얼셀,KOSDAQ,한국,개별기업주식,국내주식밸류,제조업 / 2022 신규 상장주,[],,,345f59db-db5b-8003-b972-fa851fbcdfc7,2026-08-26T22:19:48.961638
388050,지투파워,KOSDAQ,한국,개별기업주식,국내주식밸류,제조업 / 2022 신규 상장주,[],,,3baf59db-db5b-80bb-afb6-c1650dbf23b4,2026-08-26T22:19:48.961638
388720,유일로보틱스,KOSDAQ,한국,개별기업주식,국내주식밸류,제조업 / 2022 신규 상장주,[],,,368f59db-db5b-808f-b031-e8e179e7144d,2026-08-26T22:19:48.961638
389260,대명에너지,KOSDAQ,한국,개별기업주식,국내주식밸류,제조업 / 2022 신규 상장주,[],,,306f59db-db5b-8008-9047-faabf668fa66,2026-08-26T22:19:48.961638
389500,에스비비테크,KOSDAQ,한국,개별기업주식,국내주식밸류,제조업 / 2022 신규 상장주,[],,,368f59db-db5b-80f3-95e6-c705fbb26d8c,2026-08-26T22:19:48.961638
399720,가온칩스,KOSDAQ,한국,개별기업주식,국내주식밸류,제조업 / 2022 신규 상장주,[],,,35ef59db-db5b-804f-a969-eff8c5800c65,2026-08-26T22:19:48.961638
403870,HPSP,KOSDAQ,한국,개별기업주식,국내주식밸류,제조업 / 2022 신규 상장주,[],,,2f0f59db-db5b-812f-93a7-fad66448c018,2026-08-26T22:19:48.961638
437730,삼현,KOSDAQ,한국,개별기업주식,국내주식밸류,제조업 / 2024 신규 상장주,[],,,368f59db-db5b-80df-8e7e-f187dec90359,2026-08-26T22:19:48.961638
440110,파두,KOSDAQ,한국,개별기업주식,국내주식밸류,제조업 / 2023 신규 상장주,[],,,344f59db-db5b-80b6-ad9f-c9ef5ba5482d,2026-08-26T22:19:48.961638
448900,한국피아이엠,KOSDAQ,한국,개별기업주식,국내주식밸류,운수장비 / 자동차 신품 부품 제조업,[],,,368f59db-db5b-8004-9f7c-d4c12b791c0b,2026-08-26T22:19:48.961638
457550,우진엔텍,KOSDAQ,한국,개별기업주식,국내주식밸류,제조업 / 2024 신규 상장주,[],,,345f59db-db5b-80d0-8700-d8c26d60b952,2026-08-26T22:19:48.961638
466100,클로봇,KOSDAQ,한국,개별기업주식,국내주식밸류,IT서비스 / 소프트웨어 개발 및 공급업,[],,,368f59db-db5b-80bb-a5cd-fbaa3c2bef0c,2026-08-26T22:19:48.961638
475400,씨메스로보틱스,KOSDAQ,한국,개별기업주식,국내주식밸류,산업재 / 특수 목적용 기계 제조업,[],,,368f59db-db5b-8049-9b17-cfcb28a19efd,2026-08-26T22:19:48.961638
000120,CJ대한통운,KOSPI,한국,개별기업주식,국내주식밸류,제조업 / 드론,[],,,38ff59db-db5b-8045-b1eb-d283c6515675,2026-08-26T22:19:48.961638
000150,두산,KOSPI,한국,개별기업주식,국내주식밸류,금융 / 지주,"[""KOSPI 200""]",,,38af59db-db5b-8051-becd-dfa8b8189b46,2026-08-26T22:19:48.961638
000240,한국앤컴퍼니,KOSPI,한국,개별기업주식,국내주식밸류,금융 / 지주,[],,,3bdf59db-db5b-8060-b289-d9962d15ac62,2026-08-26T22:19:48.961638
000270,기아,KOSPI,한국,개별기업주식,국내주식밸류,제조업 / 모빌리티/판매업체,"[""KOSPI 200""]",,,3bbf59db-db5b-81d1-ab56-e26f8a6dd70c,2026-08-26T22:19:48.961638
000500,가온전선,KOSPI,한국,개별기업주식,국내주식밸류,전기전자 / 북한전력설비,"[""KOSPI 200""]",,,2f0f59db-db5b-8181-b976-c8165a487094,2026-08-26T22:19:48.961638
000660,SK하이닉스,KOSPI,한국,개별기업주식,국내주식밸류,제조업 / 3D낸드,"[""KOSPI 200""]",,,2f0f59db-db5b-811a-8954-ee0e01d4568b,2026-08-26T22:19:48.961638
000720,현대건설,KOSPI,한국,개별기업주식,국내주식밸류,제조업 / 건설사,[],,,2f0f59db-db5b-8126-89cc-de4ccaf5d182,2026-08-26T22:19:48.961638
000810,삼성화재,KOSPI,한국,개별기업주식,국내주식밸류,금융 / 보험,"[""KOSPI 200""]",,,3bbf59db-db5b-8170-82b8-fc6a2d3b9de4,2026-08-26T22:19:48.961638
000990,DB하이텍,KOSPI,한국,개별기업주식,국내주식밸류,전기전자 / 반도체/반도체장비,"[""KOSPI 200""]",,,2f0f59db-db5b-8145-9bad-ecbbe3c75754,2026-08-26T22:19:48.961638
001120,LX인터내셔널,KOSPI,한국,개별기업주식,국내주식밸류,제조업 / 니켈,[],,,3bdf59db-db5b-80db-a611-edc85ca15238,2026-08-26T22:19:48.961638
001430,세아베스틸지주,KOSPI,한국,개별기업주식,국내주식밸류,철강금속 / 철강금속,"[""KOSPI 200""]",,,3bdf59db-db5b-8037-9872-f54866cf100e,2026-08-26T22:19:48.961638
001440,대한전선,KOSPI,한국,개별기업주식,국내주식밸류,전기전자 / 북한전력설비,"[""KOSPI 200""]",,,2f0f59db-db5b-81c1-8bd5-ef6dfdf4cead,2026-08-26T22:19:48.961638
001510,SK증권,KOSPI,한국,개별기업주식,국내주식밸류,금융 / 증권,"[""KOSPI 200""]",,,38bf59db-db5b-801e-8cad-d63c3b1ccccf,2026-08-26T22:19:48.961638
001720,신영증권,KOSPI,한국,개별기업주식,국내주식밸류,금융 / 증권,"[""KOSPI 200""]",,,2f0f59db-db5b-812d-8c1a-c80f192f0411,2026-08-26T22:19:48.961638
003160,디아이,KOSPI,한국,개별기업주식,국내주식밸류,전기전자 / HBM,"[""KOSPI 200""]",,,344f59db-db5b-8082-beef-d8500d0c18b3,2026-08-26T22:19:48.961638
003470,유안타증권,KOSPI,한국,개별기업주식,국내주식밸류,금융 / 증권,"[""KOSPI 200""]",,,345f59db-db5b-806f-a215-c1f622e11b16,2026-08-26T22:19:48.961638
003530,한화투자증권,KOSPI,한국,개별기업주식,국내주식밸류,금융 / 증권,"[""KOSPI 200""]",,,344f59db-db5b-80be-b160-ff4406f72ae8,2026-08-26T22:19:48.961638
003540,대신증권,KOSPI,한국,개별기업주식,국내주식밸류,금융 / 증권,"[""KOSPI 200""]",,,344f59db-db5b-80f3-a221-cf4e935c1026,2026-08-26T22:19:48.961638
003670,포스코퓨처엠,KOSPI,한국,개별기업주식,국내주식밸류,"2차전지 / 2차전지(소재,부품,장비)","[""KOSPI 200""]",,,3bdf59db-db5b-80e7-9734-cabebe4621da,2026-08-26T22:19:48.961638
003690,코리안리,KOSPI,한국,개별기업주식,국내주식밸류,금융 / 보험,"[""KOSPI 200""]",,,3bdf59db-db5b-80d5-92e0-c7fa2ea6b702,2026-08-26T22:19:48.961638
005070,코스모신소재,KOSPI,한국,개별기업주식,국내주식밸류,"2차전지 / 2차전지(소재,부품,장비)","[""KOSPI 200""]",,,3bdf59db-db5b-8010-a5bb-eeaba878ed4e,2026-08-26T22:19:48.961638
005380,현대차,KOSPI,한국,개별기업주식,국내주식밸류,제조업 / UAM,"[""KOSPI 200""]",,,368f59db-db5b-80c5-a34d-d0f19adf08f9,2026-08-26T22:19:48.961638
005420,코스모화학,KOSPI,한국,개별기업주식,국내주식밸류,"2차전지 / 2차전지(소재,부품,장비)","[""KOSPI 200""]",,,3bdf59db-db5b-8006-b557-c9740521b33c,2026-08-26T22:19:48.961638
005490,POSCO홀딩스,KOSPI,한국,개별기업주식,국내주식밸류,"2차전지 / 2차전지(소재,부품,장비)","[""KOSPI 200""]",,,38ff59db-db5b-80c3-9333-dc91643ffec2,2026-08-26T22:19:48.961638
005830,DB손해보험,KOSPI,한국,개별기업주식,국내주식밸류,금융 / 보험,"[""KOSPI 200""]",,,3bdf59db-db5b-8027-8c4f-c5cc9d14b805,2026-08-26T22:19:48.961638
005850,에스엘,KOSPI,한국,개별기업주식,국내주식밸류,운수장비 / 자동차부품,"[""KOSPI 200""]",,,3b2f59db-db5b-8001-ba5d-f0c18dcedaae,2026-08-26T22:19:48.961638
005930,삼성전자,KOSPI,한국,개별기업주식,국내주식밸류,제조업 / 3D낸드,"[""KOSPI 200""]",,,2f0f59db-db5b-8145-b998-fa0f7eb892f1,2026-08-26T22:19:48.961638
005935,삼성전자우,KOSPI,한국,개별기업주식,국내주식밸류,nan / nan,"[""KOSPI 200""]",,,3c6f59db-db5b-8195-9c59-d43b3b4d8965,2026-08-26T22:19:48.961638
005940,NH투자증권,KOSPI,한국,개별기업주식,국내주식밸류,금융 / 증권,"[""KOSPI 200""]",,,2f0f59db-db5b-8171-b5b2-cb3f6d0d89ea,2026-08-26T22:19:48.961638
006260,LS,KOSPI,한국,개별기업주식,국내주식밸류,제조업 / 광통신,[],,,2f0f59db-db5b-8172-8d98-ca2cf8ac4927,2026-08-26T22:19:48.961638
006340,대원전선,KOSPI,한국,개별기업주식,국내주식밸류,전기전자 / 북한전력설비,"[""KOSPI 200""]",,,2f0f59db-db5b-81db-b5e4-e14f44352e04,2026-08-26T22:19:48.961638
006400,삼성SDI,KOSPI,한국,개별기업주식,국내주식밸류,2차전지 / 2차전지(생산),"[""KOSPI 200""]",,,38ff59db-db5b-80b7-a435-df1cae2b3cb7,2026-08-26T22:19:48.961638
006800,미래에셋증권,KOSPI,한국,개별기업주식,국내주식밸류,금융 / 증권,"[""KOSPI 200""]",,,2f1f59db-db5b-80b4-8ad7-fe9b51124a21,2026-08-26T22:19:48.961638
007660,이수페타시스,KOSPI,한국,개별기업주식,국내주식밸류,제조업 / 5G,"[""KOSPI 200""]",,,2f0f59db-db5b-81af-9432-ff0e511a86fe,2026-08-26T22:19:48.961638
007810,코리아써키트,KOSPI,한국,개별기업주식,국내주식밸류,전기전자 / CXL,"[""KOSPI 200""]",,,2f0f59db-db5b-8189-b38f-c3d71c7effe2,2026-08-26T22:19:48.961638
008060,대덕,KOSPI,한국,개별기업주식,국내주식밸류,전기전자 / PCB,[],,,38ef59db-db5b-80b6-acdc-e67f5b6c2b24,2026-08-26T22:19:48.961638
009150,삼성전기,KOSPI,한국,개별기업주식,국내주식밸류,제조업 / LED,"[""KOSPI 200""]",,,36ff59db-db5b-8016-893c-d891bd9fdec3,2026-08-26T22:19:48.961638
009540,HD한국조선해양,KOSPI,한국,개별기업주식,국내주식밸류,제조업 / LNG,[],,,2f0f59db-db5b-814c-a1fc-ccf01ffd44ab,2026-08-26T22:19:48.961638
009830,한화솔루션,KOSPI,한국,개별기업주식,국내주식밸류,제조업 / 그린홈,"[""KOSPI 200""]",,,2f0f59db-db5b-8148-949d-f717ac2a5784,2026-08-26T22:19:48.961638
010060,OCI홀딩스,KOSPI,한국,개별기업주식,국내주식밸류,화학소재 / 석유화학,[],,,31bf59db-db5b-80ba-8dff-ce53d5d62bb3,2026-08-26T22:19:48.961638
010120,LS ELECTRIC,KOSPI,한국,개별기업주식,국내주식밸류,제조업 / 그린홈,"[""KOSPI 200""]",,,2f0f59db-db5b-81d8-ae24-f42e7c48af02,2026-08-26T22:19:48.961638
010140,삼성중공업,KOSPI,한국,개별기업주식,국내주식밸류,제조업 / LNG,"[""KOSPI 200""]",,,2f0f59db-db5b-81ef-a3cd-e209f2e0a43e,2026-08-26T22:19:48.961638
011070,LG이노텍,KOSPI,한국,개별기업주식,국내주식밸류,제조업 / 5G,"[""KOSPI 200""]",,,2f0f59db-db5b-81f8-a792-f77c558fedc8,2026-08-26T22:19:48.961638
011790,SKC,KOSPI,한국,개별기업주식,국내주식밸류,"2차전지 / 2차전지(소재,부품,장비)","[""KOSPI 200""]",,,2f0f59db-db5b-81ba-876d-c5f3bc69d656,2026-08-26T22:19:48.961638
012330,현대모비스,KOSPI,한국,개별기업주식,국내주식밸류,제조업 / 내비게이션,"[""KOSPI 200""]",,,368f59db-db5b-80a3-bd1b-f83f92b95c2b,2026-08-26T22:19:48.961638
012450,한화에어로스페이스,KOSPI,한국,개별기업주식,국내주식밸류,제조업 / T-50고등훈련기,"[""KOSPI 200""]",,,3bbf59db-db5b-81ec-8245-d2803587f895,2026-08-26T22:19:48.961638
014680,한솔케미칼,KOSPI,한국,개별기업주식,국내주식밸류,"2차전지 / 2차전지(소재,부품,장비)","[""KOSPI 200""]",,,2f0f59db-db5b-8143-9dac-ced1f3acfb31,2026-08-26T22:19:48.961638
016360,삼성증권,KOSPI,한국,개별기업주식,국내주식밸류,금융 / 증권,"[""KOSPI 200""]",,,2f0f59db-db5b-814d-86d5-f0de5c7f6811,2026-08-26T22:19:48.961638
016610,DB증권,KOSPI,한국,개별기업주식,국내주식밸류,금융 / 증권,"[""KOSPI 200""]",,,344f59db-db5b-80e2-b2fa-ffa9b0b9e2e3,2026-08-26T22:19:48.961638
017670,SK텔레콤,KOSPI,한국,개별기업주식,국내주식밸류,제조업 / UAM,[],,,3bdf59db-db5b-8058-b2dc-e7350e6fc030,2026-08-26T22:19:48.961638
017800,현대엘리베이터,KOSPI,한국,개별기업주식,국내주식밸류,산업재 / 기계,"[""KOSPI 200""]",,,3bdf59db-db5b-80de-bd5a-cc375bfc66cf,2026-08-26T22:19:48.961638
017960,한국카본,KOSPI,한국,개별기업주식,국내주식밸류,제조업 / LNG,"[""KOSPI 200""]",,,344f59db-db5b-808d-a95b-de5bb92fcd6e,2026-08-26T22:19:48.961638
018260,삼성에스디에스,KOSPI,한국,개별기업주식,국내주식밸류,제조업 / SI,[],,,38ff59db-db5b-802f-b648-f6251930e512,2026-08-26T22:19:48.961638
020150,롯데에너지머티리얼즈,KOSPI,한국,개별기업주식,국내주식밸류,"2차전지 / 2차전지(소재,부품,장비)","[""KOSPI 200""]",,,3bdf59db-db5b-8032-9d7e-f1a66d480190,2026-08-26T22:19:48.961638
024110,기업은행,KOSPI,한국,개별기업주식,국내주식밸류,금융 / 은행,[],,,3bdf59db-db5b-80ab-96fe-c532da1f919b,2026-08-26T22:19:48.961638
028260,삼성물산,KOSPI,한국,개별기업주식,국내주식밸류,제조업 / 건설사,[],,,3bbf59db-db5b-81fe-9065-cfebf3012e63,2026-08-26T22:19:48.961638
029780,삼성카드,KOSPI,한국,개별기업주식,국내주식밸류,금융 / 기타 금융업,[],,,3bdf59db-db5b-80dd-8170-d57a03dfdcd4,2026-08-26T22:19:48.961638
030000,제일기획,KOSPI,한국,개별기업주식,국내주식밸류,제조업 / 광고,[],,,3bdf59db-db5b-80bc-8dce-ebd3d871d515,2026-08-26T22:19:48.961638
030200,KT,KOSPI,한국,개별기업주식,국내주식밸류,제조업 / IPTV,[],,,3bdf59db-db5b-80d3-8b65-f7693e3fd8a2,2026-08-26T22:19:48.961638
032640,LG유플러스,KOSPI,한국,개별기업주식,국내주식밸류,제조업 / IPTV,[],,,3bdf59db-db5b-80d4-a460-d04189fa2d7a,2026-08-26T22:19:48.961638
032830,삼성생명,KOSPI,한국,개별기업주식,국내주식밸류,금융 / 보험,"[""KOSPI 200""]",,,3bbf59db-db5b-81ad-89b3-c704e833aac4,2026-08-26T22:19:48.961638
033780,KT&G,KOSPI,한국,개별기업주식,국내주식밸류,필수소비재 / 음식료,"[""KOSPI 200""]",,,3bbf59db-db5b-81a5-9fe5-f4731369722c,2026-08-26T22:19:48.961638
034020,두산에너빌리티,KOSPI,한국,개별기업주식,국내주식밸류,산업재 / 기계,"[""KOSPI 200""]",,,2f0f59db-db5b-81e3-9959-e85615d8e387,2026-08-26T22:19:48.961638
034730,SK,KOSPI,한국,개별기업주식,국내주식밸류,제조업 / 지능형교통시스템,[],,,3bbf59db-db5b-8157-9f41-d64e1a76ea03,2026-08-26T22:19:48.961638
035250,강원랜드,KOSPI,한국,개별기업주식,국내주식밸류,레저엔터 / 카지노,[],,,3bdf59db-db5b-80f9-b31f-ce557868870f,2026-08-26T22:19:48.961638
035420,NAVER,KOSPI,한국,개별기업주식,국내주식밸류,제조업 / NFT,[],,,3bbf59db-db5b-81f2-8507-db8d8f7f557e,2026-08-26T22:19:48.961638
036460,한국가스공사,KOSPI,한국,개별기업주식,국내주식밸류,제조업 / LNG,[],,,3bdf59db-db5b-8082-99dc-ed1cb493f318,2026-08-26T22:19:48.961638
039490,키움증권,KOSPI,한국,개별기업주식,국내주식밸류,금융 / 증권,"[""KOSPI 200""]",,,2f1f59db-db5b-80f9-a557-fea9a4e30881,2026-08-26T22:19:48.961638
042660,한화오션,KOSPI,한국,개별기업주식,국내주식밸류,제조업 / LNG,"[""KOSPI 200""]",,,2f0f59db-db5b-81f2-beac-fb0cfe77b390,2026-08-26T22:19:48.961638
042700,한미반도체,KOSPI,한국,개별기업주식,국내주식밸류,전기전자 / HBM,"[""KOSPI 200""]",,,2f0f59db-db5b-81cf-88b4-f593c59c5575,2026-08-26T22:19:48.961638
047040,대우건설,KOSPI,한국,개별기업주식,국내주식밸류,제조업 / GTX(수도권 광역급행철도),[],,,303f59db-db5b-8033-b1f8-c6cd7fc0cfd8,2026-08-26T22:19:48.961638
047050,포스코인터내셔널,KOSPI,한국,개별기업주식,국내주식밸류,제조업 / LNG,[],,,3bdf59db-db5b-80ec-b580-c657bd60a778,2026-08-26T22:19:48.961638
051600,한전KPS,KOSPI,한국,개별기업주식,국내주식밸류,전기전자 / 북한전력설비,[],,,345f59db-db5b-8022-a920-ebea168ca938,2026-08-26T22:19:48.961638
051910,LG화학,KOSPI,한국,개별기업주식,국내주식밸류,제조업 / AMOLED,"[""KOSPI 200""]",,,3bdf59db-db5b-806c-9574-e40f2e9517c2,2026-08-26T22:19:48.961638
052690,한전기술,KOSPI,한국,개별기업주식,국내주식밸류,에너지인프라 / 원자력,[],,,2fef59db-db5b-80e1-8e25-d3211a69ecd0,2026-08-26T22:19:48.961638
053690,한미글로벌,KOSPI,한국,개별기업주식,국내주식밸류,제조업 / 건설사,[],,,312f59db-db5b-8038-bcba-ce95e1376f74,2026-08-26T22:19:48.961638
055550,신한지주,KOSPI,한국,개별기업주식,국내주식밸류,금융 / 은행,[],,,3bbf59db-db5b-8188-99ec-c591987f424e,2026-08-26T22:19:48.961638
062040,산일전기,KOSPI,한국,개별기업주식,국내주식밸류,제조업 / 2024 신규 상장주,"[""KOSPI 200""]",,,2f0f59db-db5b-810a-a91a-d6cf0b851fc1,2026-08-26T22:19:48.961638
064400,LG씨엔에스,KOSPI,한국,개별기업주식,국내주식밸류,"제조업 / 컴퓨터 프로그래밍, 시스템 통합 및 관리업",[],,,38ff59db-db5b-80e1-b600-fe9165f9a0af,2026-08-26T22:19:48.961638
066570,LG전자,KOSPI,한국,개별기업주식,국내주식밸류,제조업 / LED,"[""KOSPI 200""]",,,3bbf59db-db5b-81c8-a2ea-f37a937eaa87,2026-08-26T22:19:48.961638
066970,엘앤에프,KOSPI,한국,개별기업주식,국내주식밸류,"2차전지 / 2차전지(LEP,리튬인산철)","[""KOSPI 200""]",,,3bdf59db-db5b-808e-b2b9-fa4d04409b0f,2026-08-26T22:19:48.961638
068270,셀트리온,KOSPI,한국,개별기업주식,국내주식밸류,제약바이오 / 바이오,"[""KOSPI 200""]",,,3bbf59db-db5b-8105-8f95-d632a2729ea7,2026-08-26T22:19:48.961638
071050,한국금융지주,KOSPI,한국,개별기업주식,국내주식밸류,금융 / 증권,[],,,2f0f59db-db5b-81a6-b9a2-df32d249a4bd,2026-08-26T22:19:48.961638
071970,HD현대마린엔진,KOSPI,한국,개별기업주식,국내주식밸류,운수장비 / 조선기자재,"[""KOSPI 200""]",,,344f59db-db5b-8005-8ff8-d9b676dc2a08,2026-08-26T22:19:48.961638
075580,세진중공업,KOSPI,한국,개별기업주식,국내주식밸류,운수장비 / 조선기자재,"[""KOSPI 200""]",,,344f59db-db5b-8054-8eb8-ca588dd28efc,2026-08-26T22:19:48.961638
077970,STX엔진,KOSPI,한국,개별기업주식,국내주식밸류,산업재 / 기계,"[""KOSPI 200""]",,,344f59db-db5b-80a4-a46c-e4e5e41d6600,2026-08-26T22:19:48.961638
078930,GS,KOSPI,한국,개별기업주식,국내주식밸류,제조업 / LPG,[],,,3bdf59db-db5b-80c0-9eb2-e8544607f13d,2026-08-26T22:19:48.961638
082740,한화엔진,KOSPI,한국,개별기업주식,국내주식밸류,운수장비 / 조선기자재,"[""KOSPI 200""]",,,344f59db-db5b-80eb-b32b-dab8530515c6,2026-08-26T22:19:48.961638
086790,하나금융지주,KOSPI,한국,개별기업주식,국내주식밸류,금융 / 은행,[],,,3bbf59db-db5b-8172-bc81-c0ec0e21ff4a,2026-08-26T22:19:48.961638
093370,후성,KOSPI,한국,개별기업주식,국내주식밸류,"2차전지 / 2차전지(소재,부품,장비)","[""KOSPI 200""]",,,3bdf59db-db5b-80f5-a17b-f98abd7fafd6,2026-08-26T22:19:48.961638
096770,SK이노베이션,KOSPI,한국,개별기업주식,국내주식밸류,"2차전지 / 2차전지(LEP,리튬인산철)","[""KOSPI 200""]",,,38ff59db-db5b-80fa-92b7-e753e5b88c28,2026-08-26T22:19:48.961638
100090,SK오션플랜트,KOSPI,한국,개별기업주식,국내주식밸류,에너지인프라 / 가스하이드레이트,"[""KOSPI 200""]",,,345f59db-db5b-800b-b7a5-d6cd1b4aa6d6,2026-08-26T22:19:48.961638
100840,SNT에너지,KOSPI,한국,개별기업주식,국내주식밸류,제조업 / 복합화력발전,"[""KOSPI 200""]",,,345f59db-db5b-8042-963f-f04d513ee98b,2026-08-26T22:19:48.961638
103590,일진전기,KOSPI,한국,개별기업주식,국내주식밸류,전기전자 / 북한전력설비,"[""KOSPI 200""]",,,2f0f59db-db5b-8130-a0f9-eaa3b1a7435d,2026-08-26T22:19:48.961638
105560,KB금융,KOSPI,한국,개별기업주식,국내주식밸류,금융 / 은행,[],,,3bbf59db-db5b-8134-81fe-e9faaefd356a,2026-08-26T22:19:48.961638
105840,우진,KOSPI,한국,개별기업주식,국내주식밸류,산업재 / 기계,"[""KOSPI 200""]",,,345f59db-db5b-80a7-9529-c057402e0902,2026-08-26T22:19:48.961638
108320,LX세미콘,KOSPI,한국,개별기업주식,국내주식밸류,제조업 / TFT-LCD 부품,"[""KOSPI 200""]",,,35ef59db-db5b-80c8-a2dc-efef55710847,2026-08-26T22:19:48.961638
112610,씨에스윈드,KOSPI,한국,개별기업주식,국내주식밸류,에너지인프라 / 풍력발전,"[""KOSPI 200""]",,,345f59db-db5b-803f-87cc-ee151257a873,2026-08-26T22:19:48.961638
126720,수산인더스트리,KOSPI,한국,개별기업주식,국내주식밸류,제조업 / 2022 신규 상장주,[],,,345f59db-db5b-8033-ad39-d9dec213f274,2026-08-26T22:19:48.961638
128940,한미약품,KOSPI,한국,개별기업주식,국내주식밸류,제약바이오 / mRNA(메신저리보핵산),"[""KOSPI 200""]",,,3c7f59db-db5b-8100-9409-f8142679bbe1,2026-08-26T22:19:48.961638
130660,한전산업,KOSPI,한국,개별기업주식,국내주식밸류,전기전자 / 북한전력설비,[],,,2f6f59db-db5b-80ae-959e-ce8702712ac5,2026-08-26T22:19:48.961638
138930,BNK금융지주,KOSPI,한국,개별기업주식,국내주식밸류,금융 / 은행,[],,,3bdf59db-db5b-8023-b8c0-f84ce0e29c9e,2026-08-26T22:19:48.961638
139130,iM금융지주,KOSPI,한국,개별기업주식,국내주식밸류,금융 / 은행,[],,,3bdf59db-db5b-80a7-90be-e77c9b83433a,2026-08-26T22:19:48.961638
175330,JB금융지주,KOSPI,한국,개별기업주식,국내주식밸류,금융 / 은행,[],,,3bdf59db-db5b-8018-9e32-f006c8105a0d,2026-08-26T22:19:48.961638
195870,해성디에스,KOSPI,한국,개별기업주식,국내주식밸류,전기전자 / 반도체/반도체장비,"[""KOSPI 200""]",,,2f0f59db-db5b-8196-88b9-d664fbbf8d3a,2026-08-26T22:19:48.961638
204320,HL만도,KOSPI,한국,개별기업주식,국내주식밸류,제조업 / 리비안 관련주,"[""KOSPI 200""]",,,368f59db-db5b-8011-b351-ed5aa305bd01,2026-08-26T22:19:48.961638
207940,삼성바이오로직스,KOSPI,한국,개별기업주식,국내주식밸류,제약바이오 / 바이오,"[""KOSPI 200""]",,,3bbf59db-db5b-8163-bc5d-c3662c4a1a0b,2026-08-26T22:19:48.961638
229640,LS에코에너지,KOSPI,한국,개별기업주식,국내주식밸류,제조업 / 전선업체,[],,,2f0f59db-db5b-8154-81a3-e11e49be5fbb,2026-08-26T22:19:48.961638
264900,크라운제과,KOSPI,한국,개별기업주식,국내주식밸류,"제조업 / 떡, 빵 및 과자류 제조업","[""KOSPI 200""]",,,31af59db-db5b-8021-921e-ecf1e29a3884,2026-08-26T22:19:48.961638
267250,HD현대,KOSPI,한국,개별기업주식,국내주식밸류,금융 / 기타 금융업,[],,,38ff59db-db5b-8014-9f6d-e21a1c4c7eb7,2026-08-26T22:19:48.961638
267260,HD현대일렉트릭,KOSPI,한국,개별기업주식,국내주식밸류,전기전자 / 북한전력설비,"[""KOSPI 200""]",,,2f0f59db-db5b-81df-a656-fd7a17b6b565,2026-08-26T22:19:48.961638
281820,케이씨텍,KOSPI,한국,개별기업주식,국내주식밸류,제조업 / 3D낸드,"[""KOSPI 200""]",,,35ef59db-db5b-80f0-81be-ff4c4831a69d,2026-08-26T22:19:48.961638
298040,효성중공업,KOSPI,한국,개별기업주식,국내주식밸류,전기전자 / 북한전력설비,"[""KOSPI 200""]",,,2f0f59db-db5b-8131-91c9-ec234f3bae64,2026-08-26T22:19:48.961638
307950,현대오토에버,KOSPI,한국,개별기업주식,국내주식밸류,제조업 / 2019 신규 상장주,[],,,368f59db-db5b-80d8-bf63-cee09744bae4,2026-08-26T22:19:48.961638
316140,우리금융지주,KOSPI,한국,개별기업주식,국내주식밸류,금융 / 은행,[],,,3bbf59db-db5b-81f4-b3b4-f71363921f2d,2026-08-26T22:19:48.961638
322000,HD현대에너지솔루션,KOSPI,한국,개별기업주식,국내주식밸류,제조업 / 2019 신규 상장주,"[""KOSPI 200""]",,,345f59db-db5b-8064-b528-f619081b9623,2026-08-26T22:19:48.961638
329180,HD현대중공업,KOSPI,한국,개별기업주식,국내주식밸류,제조업 / 2021 신규 상장주,"[""KOSPI 200""]",,,2f0f59db-db5b-8185-8da2-dccf31f1e7f6,2026-08-26T22:19:48.961638
336260,두산퓨얼셀,KOSPI,한국,개별기업주식,국내주식밸류,제조업 / 수소에너지,"[""KOSPI 200""]",,,2f0f59db-db5b-81f4-9967-cc71d8275ffe,2026-08-26T22:19:48.961638
353200,대덕전자,KOSPI,한국,개별기업주식,국내주식밸류,전기전자 / PCB,"[""KOSPI 200""]",,,3b2f59db-db5b-8060-bf46-fb79a36c279b,2026-08-26T22:19:48.961638
361610,SK아이이테크놀로지,KOSPI,한국,개별기업주식,국내주식밸류,제조업 / 2021 신규 상장주,"[""KOSPI 200""]",,,3bdf59db-db5b-8078-b387-c82f1719b816,2026-08-26T22:19:48.961638
373220,LG에너지솔루션,KOSPI,한국,개별기업주식,국내주식밸류,제조업 / 2022 신규 상장주,"[""KOSPI 200""]",,,38ff59db-db5b-8066-aae7-f9b931c7faa1,2026-08-26T22:19:48.961638
375500,DL이앤씨,KOSPI,한국,개별기업주식,국내주식밸류,제조업 / 건설사,[],,,327f59db-db5b-8075-addd-dc716d1b80fb,2026-08-26T22:19:48.961638
402340,SK스퀘어,KOSPI,한국,개별기업주식,국내주식밸류,금융 / 기타 금융업,[],,,36ff59db-db5b-8078-8c45-dffbcb134642,2026-08-26T22:19:48.961638
439260,대한조선,KOSPI,한국,개별기업주식,국내주식밸류,제조업 / 선박 및 보트 건조업,"[""KOSPI 200""]",,,344f59db-db5b-804a-a733-db4d213de96d,2026-08-26T22:19:48.961638
443060,HD현대마린솔루션,KOSPI,한국,개별기업주식,국내주식밸류,제조업 / 2024 신규 상장주,[],,,344f59db-db5b-807d-8131-fed8eb73ae09,2026-08-26T22:19:48.961638
450080,에코프로머티,KOSPI,한국,개별기업주식,국내주식밸류,제조업 / 일차전지 및 이차전지 제조업,"[""KOSPI 200""]",,,3bdf59db-db5b-80e9-9e21-e28a6972a708,2026-08-26T22:19:48.961638
454910,두산로보틱스,KOSPI,한국,개별기업주식,국내주식밸류,산업재 / 로봇,"[""KOSPI 200""]",,,368f59db-db5b-806b-b12c-cd91da435094,2026-08-26T22:19:48.961638
475150,SK이터닉스,KOSPI,한국,개별기업주식,국내주식밸류,제조업 / ESS,[],,,306f59db-db5b-803c-8f26-d0d14484d652,2026-08-26T22:19:48.961638
AAOI,어플라이드 옵토일렉트로닉스,NASDAQ,미국,개별기업주식,글로벌성장주,Technology / Communication Equipment,[],,,344f59db-db5b-8038-8579-d3328682a9fc,2026-08-26T22:19:48.961638
AAPL,애플,NASDAQ,미국,개별기업주식,글로벌성장주,Technology / 빅테크디바이스,"[""S&P 500"", ""나스닥 100""]",,,2f0f59db-db5b-81d0-b53e-f07bdaaebcda,2026-08-26T22:19:48.961638
ACLS,액셀리스 테크놀로지스,NASDAQ,미국,개별기업주식,글로벌성장주,Technology / 반도체소부장,[],,,35ff59db-db5b-800b-89a0-c02473dcf9b7,2026-08-26T22:19:48.961638
ADI,아날로그 디바이시스,NASDAQ,미국,개별기업주식,글로벌성장주,Technology / AI반도체,"[""S&P 500""]",,,3bdf59db-db5b-80a8-a9ee-d16c8ac91d7c,2026-08-26T22:19:48.961638
AEHR,에흐르 테스트 시스템스,NASDAQ,미국,개별기업주식,글로벌성장주,Technology / 반도체소부장,[],,,364f59db-db5b-808c-a9d0-e3b2cb807e09,2026-08-26T22:19:48.961638
ALAB,아스테라 랩스,NASDAQ,미국,개별기업주식,글로벌성장주,Technology / AI반도체,"[""S&P 500""]",,,306f59db-db5b-801c-b4bd-fe0a924408ba,2026-08-26T22:19:48.961638
AMAT,어플라이드 머티어리얼즈,NASDAQ,미국,개별기업주식,글로벌성장주,Technology / 반도체소부장,"[""S&P 500""]",,,307f59db-db5b-8067-8554-c39af1d0e09d,2026-08-26T22:19:48.961638
AMD,Advanced Micro Devices,NASDAQ,미국,개별기업주식,글로벌성장주,Technology / AI반도체,"[""S&P 500""]",,,2f0f59db-db5b-81d9-9f89-d6e480d3df15,2026-08-26T22:19:48.961638
AMKR,앰코 테크놀로지,NASDAQ,미국,개별기업주식,글로벌성장주,Technology / 반도체소부장,[],,,3bdf59db-db5b-8018-9d6a-da73b53c4248,2026-08-26T22:19:48.961638
AMZN,아마존닷컴,NASDAQ,미국,개별기업주식,글로벌성장주,Consumer Cyclical / Internet Retail,"[""S&P 500"", ""나스닥 100""]",,,2f0f59db-db5b-81cf-a5a5-f9fd8d699f5f,2026-08-26T22:19:48.961638
ASTS,AST 스페이스모바일,NASDAQ,미국,개별기업주식,글로벌성장주,Technology / Communication Equipment,[],,,2f0f59db-db5b-81e6-b516-c5c9a4e8efae,2026-08-26T22:19:48.961638
AVGO,브로드컴,NASDAQ,미국,개별기업주식,글로벌성장주,Technology / AI반도체,"[""S&P 500""]",,,2f0f59db-db5b-8110-a414-fddb1e7530d5,2026-08-26T22:19:48.961638
CBRS,세레브라스 시스템스,NASDAQ,미국,개별기업주식,글로벌성장주,Technology / AI반도체,[],,,3bdf59db-db5b-801c-8693-d36dae862621,2026-08-26T22:19:48.961638
CDNS,케이던스 디자인 시스템즈,NASDAQ,미국,개별기업주식,글로벌성장주,Technology / 응용소프트웨어,"[""S&P 500""]",,,3bdf59db-db5b-8063-b57c-da79f33d22ae,2026-08-26T22:19:48.961638
CEG,컨스털레이션 에너지,NASDAQ,미국,개별기업주식,글로벌성장주,Utilities / Utilities - Independent Power Producers,"[""S&P 500""]",,,38ff59db-db5b-805e-bff3-ce2d57ede5ba,2026-08-26T22:19:48.961638
COIN,코인베이스 글로벌,NASDAQ,미국,개별기업주식,글로벌성장주,Financial Services / Financial Data & Stock Exchanges,"[""S&P 500""]",,,2f0f59db-db5b-8180-bc25-f99bfada34fc,2026-08-26T22:19:48.961638
CRDO,크리도 테크놀로지 그룹 홀딩,NASDAQ,미국,개별기업주식,글로벌성장주,Technology / AI반도체,[],,,3bdf59db-db5b-8068-9657-e83c2260a7ac,2026-08-26T22:19:48.961638
CRWD,크라우드스트라이크 홀딩스,NASDAQ,미국,개별기업주식,글로벌성장주,Technology / 클라우드소프트웨어,"[""S&P 500""]",,,3bdf59db-db5b-80ba-ab9a-de93e13d3d24,2026-08-26T22:19:48.961638
CRWV,코어위브,NASDAQ,미국,개별기업주식,글로벌성장주,Technology / 클라우드소프트웨어,"[""S&P 500""]",,,2f0f59db-db5b-8129-bc36-cfb1cc190019,2026-08-26T22:19:48.961638
CSCO,시스코 시스템즈,NASDAQ,미국,개별기업주식,글로벌성장주,Technology / Communication Equipment,"[""S&P 500"", ""나스닥 100""]",,,3bdf59db-db5b-803d-9da0-e6a32eba0ae8,2026-08-26T22:19:48.961638
ENTG,인테그리스,NASDAQ,미국,개별기업주식,글로벌성장주,Technology / 반도체소부장,[],,,3bdf59db-db5b-802a-82f0-faacdc132b8e,2026-08-26T22:19:48.961638
EQIX,에퀴닉스,NASDAQ,미국,개별기업주식,글로벌성장주,Real Estate / REIT - Specialty,"[""S&P 500""]",,,38ff59db-db5b-80cb-b430-d6742609abde,2026-08-26T22:19:48.961638
FLY,파이어플라이 에어로스페이스,NASDAQ,미국,개별기업주식,글로벌성장주,Industrials / 우주항공방산,[],,,349f59db-db5b-8012-8654-faf727de3671,2026-08-26T22:19:48.961638
FORM,폼팩터,NASDAQ,미국,개별기업주식,글로벌성장주,Technology / 반도체소부장,[],,,344f59db-db5b-80e3-9486-c380e14c8ea0,2026-08-26T22:19:48.961638
GFS,글로벌파운드리스,NASDAQ,미국,개별기업주식,글로벌성장주,Technology / AI반도체,[],,,3bdf59db-db5b-8066-92f8-f240d9b2353f,2026-08-26T22:19:48.961638
GOOG,알파벳 C,NASDAQ,미국,개별기업주식,글로벌성장주,Communication Services / 인터넷플랫폼,"[""S&P 500""]",,,3c7f59db-db5b-8170-830d-f32d1fe86ac2,2026-08-26T22:19:48.961638
GOOGL,알파벳 A,NASDAQ,미국,개별기업주식,글로벌성장주,Communication Services / 인터넷플랫폼,"[""S&P 500"", ""나스닥 100""]",,,2f0f59db-db5b-8145-a296-d7447bdf8f34,2026-08-26T22:19:48.961638
GSAT,글로벌스타,NASDAQ,미국,개별기업주식,글로벌성장주,Communication Services / Telecom Services,[],,,349f59db-db5b-805d-a975-e9973f2e9fbf,2026-08-26T22:19:48.961638
INTC,인텔,NASDAQ,미국,개별기업주식,글로벌성장주,Technology / AI반도체,"[""S&P 500""]",,,2f0f59db-db5b-8141-bd13-c8ee6eecc83a,2026-08-26T22:19:48.961638
IRDM,이리디움 커뮤니케이션스,NASDAQ,미국,개별기업주식,글로벌성장주,Communication Services / Telecom Services,[],,,349f59db-db5b-8034-b2c1-dcbc22f2b2c3,2026-08-26T22:19:48.961638
KLAC,KLA,NASDAQ,미국,개별기업주식,글로벌성장주,Technology / 반도체소부장,"[""S&P 500""]",,,368f59db-db5b-8040-b140-ddb572bd3669,2026-08-26T22:19:48.961638
LITE,루멘텀 홀딩스,NASDAQ,미국,개별기업주식,글로벌성장주,Technology / Communication Equipment,"[""S&P 500""]",,,2f0f59db-db5b-813c-b79e-cd4cff2062f3,2026-08-26T22:19:48.961638
LRCX,램 리서치,NASDAQ,미국,개별기업주식,글로벌성장주,Technology / 반도체소부장,"[""S&P 500""]",,,2f0f59db-db5b-81f7-b220-f835cab96414,2026-08-26T22:19:48.961638
LUNR,인튜이티브 머신스,NASDAQ,미국,개별기업주식,글로벌성장주,Industrials / 우주항공방산,[],,,349f59db-db5b-8061-8266-d4f6aaef24ce,2026-08-26T22:19:48.961638
MBGN,MBGN,NASDAQ,미국,개별기업주식,글로벌성장주,IT / AI반도체,[],,,38ff59db-db5b-80c7-ba14-fdadd69614af,2026-08-26T22:19:48.961638
MCHP,마이크로칩 테크놀로지,NASDAQ,미국,개별기업주식,글로벌성장주,Technology / AI반도체,"[""S&P 500""]",,,3bdf59db-db5b-80fb-a601-c3ca72aeea2d,2026-08-26T22:19:48.961638
META,메타 플랫폼스(페이스북),NASDAQ,미국,개별기업주식,글로벌성장주,Communication Services / 인터넷플랫폼,"[""S&P 500""]",,,2f0f59db-db5b-8197-a633-efe68eceadea,2026-08-26T22:19:48.961638
MKSI,MKS,NASDAQ,미국,개별기업주식,글로벌성장주,Technology / Scientific & Technical Instruments,[],,,3b2f59db-db5b-8087-855d-c493425cc733,2026-08-26T22:19:48.961638
MPWR,모놀리식 파워 시스템,NASDAQ,미국,개별기업주식,글로벌성장주,Technology / AI반도체,"[""S&P 500""]",,,3bdf59db-db5b-8057-850c-c91c640fbf5a,2026-08-26T22:19:48.961638
MRVL,마벨 테크놀로지 그룹,NASDAQ,미국,개별기업주식,글로벌성장주,Technology / AI반도체,"[""S&P 500""]",,,2f0f59db-db5b-81d7-95fa-d0a15ca33401,2026-08-26T22:19:48.961638
MSFT,마이크로소프트,NASDAQ,미국,개별기업주식,글로벌성장주,Technology / 클라우드소프트웨어,"[""S&P 500"", ""나스닥 100""]",,,2f0f59db-db5b-81df-b3a2-e68cb52157bb,2026-08-26T22:19:48.961638
MTSI,메이컴 테크놀로지 솔루션스 홀딩스,NASDAQ,미국,개별기업주식,글로벌성장주,Technology / AI반도체,[],,,3b2f59db-db5b-80dc-a60a-c9122b98a307,2026-08-26T22:19:48.961638
MU,마이크론 테크놀로지,NASDAQ,미국,개별기업주식,글로벌성장주,Technology / AI반도체,"[""S&P 500""]",,,2f0f59db-db5b-8160-8a1a-d853cdb4b590,2026-08-26T22:19:48.961638
NFLX,넷플릭스,NASDAQ,미국,개별기업주식,글로벌성장주,Communication Services / Entertainment,"[""S&P 500""]",,,2f0f59db-db5b-8137-ac21-df5fba235a91,2026-08-26T22:19:48.961638
NVAX,노바백스,NASDAQ,미국,개별기업주식,글로벌성장주,Healthcare / 바이오텍,[],,,3bdf59db-db5b-80aa-b367-ff015905dbe8,2026-08-26T22:19:48.961638
NVDA,엔비디아,NASDAQ,미국,개별기업주식,글로벌성장주,Technology / AI반도체,"[""S&P 500"", ""나스닥 100""]",,,2f0f59db-db5b-8109-9a8c-fd169ebe0696,2026-08-26T22:19:48.961638
NVTS,나비타스 세미컨덕터,NASDAQ,미국,개별기업주식,글로벌성장주,Technology / AI반도체,[],,,3bdf59db-db5b-8013-bd7e-df8cd9225b71,2026-08-26T22:19:48.961638
ON,온 세미컨덕터,NASDAQ,미국,개별기업주식,글로벌성장주,Technology / AI반도체,"[""S&P 500""]",,,38ff59db-db5b-80d2-a0e8-d82fe7493332,2026-08-26T22:19:48.961638
OUST,아우스터,NASDAQ,미국,개별기업주식,글로벌성장주,Technology / 전자부품·소재,[],,,38ff59db-db5b-8079-85bc-e5705260e7ab,2026-08-26T22:19:48.961638
PLTR,팔란티어 테크,NASDAQ,미국,개별기업주식,글로벌성장주,Technology / 클라우드소프트웨어,"[""S&P 500""]",,,2f0f59db-db5b-8182-9aca-cdf305212404,2026-08-26T22:19:48.961638
QCOM,퀄컴,NASDAQ,미국,개별기업주식,글로벌성장주,Technology / AI반도체,"[""S&P 500""]",,,38ff59db-db5b-80dd-8851-dcad8294d3c3,2026-08-26T22:19:48.961638
QRVO,코보,NASDAQ,미국,개별기업주식,글로벌성장주,Technology / AI반도체,[],,,3bdf59db-db5b-803d-8ea9-de686481c1e9,2026-08-26T22:19:48.961638
RKLB,로켓 랩,NASDAQ,미국,개별기업주식,글로벌성장주,Industrials / 우주항공방산,"[""S&P 500""]",,,2f0f59db-db5b-81c6-8aab-c77a4e07c885,2026-08-26T22:19:48.961638
RMBS,램버스,NASDAQ,미국,개별기업주식,글로벌성장주,Technology / AI반도체,[],,,364f59db-db5b-8085-aad9-eb12db5153f8,2026-08-26T22:19:48.961638
SATL,세틀로직,NASDAQ,미국,개별기업주식,글로벌성장주,Industrials / 우주항공방산,[],,,3b2f59db-db5b-8013-b35b-f18f5d96190d,2026-08-26T22:19:48.961638
SATS,EchoStar,NASDAQ,미국,개별기업주식,글로벌성장주,Communication Services / Telecom Services,[],,,349f59db-db5b-809b-97f3-e3be1e88f963,2026-08-26T22:19:48.961638
SNDK,샌디스크,NASDAQ,미국,개별기업주식,글로벌성장주,Technology / Computer Hardware,"[""S&P 500""]",,,2fef59db-db5b-8070-8017-dc33f3bed38a,2026-08-26T22:19:48.961638
SNPS,시놉시스,NASDAQ,미국,개별기업주식,글로벌성장주,Technology / 클라우드소프트웨어,"[""S&P 500""]",,,3bdf59db-db5b-8046-8289-db05c02bee82,2026-08-26T22:19:48.961638
SPCX,스페이스X,NASDAQ,미국,개별기업주식,글로벌성장주,Industrials / 우주항공방산,"[""S&P 500""]",,,383f59db-db5b-8034-9666-eb6b9f7b988f,2026-08-26T22:19:48.961638
SWKS,스카이웍스 솔루션스,NASDAQ,미국,개별기업주식,글로벌성장주,Technology / AI반도체,"[""S&P 500""]",,,3bdf59db-db5b-8006-b273-d4be1cc0979e,2026-08-26T22:19:48.961638
TER,테라다인,NASDAQ,미국,개별기업주식,글로벌성장주,Technology / 반도체소부장,"[""S&P 500""]",,,344f59db-db5b-8033-b64a-e1aadd49e830,2026-08-26T22:19:48.961638
TSEM,타워 세미컨덕터,NASDAQ,미국,개별기업주식,글로벌성장주,Technology / AI반도체,[],,,34cf59db-db5b-809d-8fe9-e05b3b7650f0,2026-08-26T22:19:48.961638
TSLA,테슬라,NASDAQ,미국,개별기업주식,글로벌성장주,Consumer Cyclical / 전기차완성차,"[""S&P 500""]",,,2f0f59db-db5b-8113-9f89-cd7c8eb33a44,2026-08-26T22:19:48.961638
TTMI,TTM 테크놀로지스,NASDAQ,미국,개별기업주식,글로벌성장주,Technology / 전자부품·소재,[],,,3bdf59db-db5b-808b-ac5b-e894f5a24c65,2026-08-26T22:19:48.961638
TXN,텍사스 인스트루먼츠,NASDAQ,미국,개별기업주식,글로벌성장주,Technology / AI반도체,"[""S&P 500""]",,,3bdf59db-db5b-8097-aebd-c573c50d9c0f,2026-08-26T22:19:48.961638
VICR,비코,NASDAQ,미국,개별기업주식,글로벌성장주,Technology / 전자부품·소재,[],,,35ff59db-db5b-802c-8a87-d00fbff578f0,2026-08-26T22:19:48.961638
VSAT,비아샛,NASDAQ,미국,개별기업주식,글로벌성장주,Technology / Communication Equipment,[],,,349f59db-db5b-8019-974b-e3a1a22fb568,2026-08-26T22:19:48.961638
WDC,웨스턴 디지털,NASDAQ,미국,개별기업주식,글로벌성장주,Technology / Computer Hardware,"[""S&P 500""]",,,2f0f59db-db5b-8131-9827-fdd8534344e0,2026-08-26T22:19:48.961638
ANET,아리스타 네트웍스,NYSE,미국,개별기업주식,글로벌성장주,Technology / Computer Hardware,"[""S&P 500""]",,,3bdf59db-db5b-8009-8cb0-fcdc60f78c26,2026-08-26T22:19:48.961638
APH,암페놀,NYSE,미국,개별기업주식,글로벌성장주,Technology / 전자부품·소재,"[""S&P 500""]",,,3bdf59db-db5b-8023-9167-eb35f4d0b10b,2026-08-26T22:19:48.961638
BE,블룸 에너지,NYSE,미국,개별기업주식,글로벌성장주,Industrials / 전력기기·자동화,[],,,2f0f59db-db5b-817f-99dd-cc3aec3bb344,2026-08-26T22:19:48.961638
BKSY,블랙스카이 테크놀로지,NYSE,미국,개별기업주식,글로벌성장주,Industrials / Specialty Business Services,[],,,3b2f59db-db5b-809a-ba4b-f4b503d01b85,2026-08-26T22:19:48.961638
CIEN,시에나,NYSE,미국,개별기업주식,글로벌성장주,Technology / Communication Equipment,"[""S&P 500""]",,,344f59db-db5b-804b-9254-cce1f5934311,2026-08-26T22:19:48.961638
CLS,셀레스티카,NYSE,미국,개별기업주식,글로벌성장주,Technology / 전자부품·소재,[],,,34cf59db-db5b-80b6-bda1-e14a93daa021,2026-08-26T22:19:48.961638
COHR,코히어런트,NYSE,미국,개별기업주식,글로벌성장주,Technology / Scientific & Technical Instruments,"[""S&P 500""]",,,2f0f59db-db5b-8166-baa4-f16ca15f49d2,2026-08-26T22:19:48.961638
CRCL,서클 인터넷 그룹,NYSE,미국,개별기업주식,글로벌성장주,Financial Services / Capital Markets,[],,,2f0f59db-db5b-8111-8354-c66395db63c6,2026-08-26T22:19:48.961638
DELL,델 테크놀로지스,NYSE,미국,개별기업주식,글로벌성장주,Technology / Computer Hardware,"[""S&P 500""]",,,3bdf59db-db5b-804a-ae07-f18f87792792,2026-08-26T22:19:48.961638
DLR,디지털 리얼티 트러스트,NYSE,미국,개별기업주식,글로벌성장주,Real Estate / REIT - Specialty,"[""S&P 500""]",,,38ff59db-db5b-8000-b5a0-c8a0c1b2e515,2026-08-26T22:19:48.961638
FIX,컴포트 시스템스 USA,NYSE,미국,개별기업주식,글로벌성장주,Industrials / Engineering & Construction,"[""S&P 500""]",,,310f59db-db5b-804e-b501-d7719048d6bd,2026-08-26T22:19:48.961638
FN,패브리넷,NYSE,미국,개별기업주식,글로벌성장주,Technology / 전자부품·소재,[],,,344f59db-db5b-8019-bd5f-f96cc15476ff,2026-08-26T22:19:48.961638
GEV,GE베르노바,NYSE,미국,개별기업주식,글로벌성장주,Industrials / 로봇·자동화,"[""S&P 500""]",,,2f0f59db-db5b-811c-9375-eb950c7b54f8,2026-08-26T22:19:48.961638
GLW,코닝,NYSE,미국,개별기업주식,글로벌성장주,Technology / 전자부품·소재,"[""S&P 500""]",,,2f6f59db-db5b-807a-a49d-e581a2520b23,2026-08-26T22:19:48.961638
NOK,노키아(ADR),NYSE,미국,개별기업주식,글로벌성장주,Technology / Communication Equipment,[],,,344f59db-db5b-8080-ba0e-f7688d830a75,2026-08-26T22:19:48.961638
ORCL,오라클,NYSE,미국,개별기업주식,글로벌성장주,Technology / 클라우드소프트웨어,"[""S&P 500""]",,,3bdf59db-db5b-809e-875b-d467f13a9ddf,2026-08-26T22:19:48.961638
PL,플래닛 랩스,NYSE,미국,개별기업주식,글로벌성장주,Industrials / 우주항공방산,[],,,2f0f59db-db5b-8118-887e-cbae2ad50607,2026-08-26T22:19:48.961638
RDW,레드와이어,NYSE,미국,개별기업주식,글로벌성장주,Industrials / 우주항공방산,[],,,349f59db-db5b-80a5-bb1d-ee90c6fca061,2026-08-26T22:19:48.961638
VRT,버티브 홀딩스,NYSE,미국,개별기업주식,글로벌성장주,Industrials / 전력기기·자동화,"[""S&P 500""]",,,2f0f59db-db5b-81b2-82ec-c21b829f61e0,2026-08-26T22:19:48.961638
VST,비스트라 에너지,NYSE,미국,개별기업주식,글로벌성장주,Utilities / Utilities - Independent Power Producers,"[""S&P 500""]",,,38ff59db-db5b-8040-a3f4-e963e497f6e4,2026-08-26T22:19:48.961638
285A.T,키옥시아,TSE,일본,개별기업주식,글로벌성장주,IT / AI반도체,[],,,34cf59db-db5b-8048-9328-c427c2cc98f5,2026-08-26T22:19:48.961638
3436.T,섬코,TSE,일본,개별기업주식,글로벌성장주,Technology / 반도체소부장,[],,,35ff59db-db5b-80c2-8d7b-f1ac63943b4d,2026-08-26T22:19:48.961638
4062.T,이비덴,TSE,일본,개별기업주식,글로벌성장주,IT / 전자부품·소재,[],,,34cf59db-db5b-802d-8def-fdc55bdd3d40,2026-08-26T22:19:48.961638
5803.T,후지쿠라,TSE,일본,개별기업주식,글로벌성장주,Industrials / Conglomerates,[],,,35cf59db-db5b-8018-99a2-c0a0aaf57922,2026-08-26T22:19:48.961638
6525.T,고쿠사이일렉트릭,TSE,일본,개별기업주식,글로벌성장주,IT / 반도체소부장,[],,,3bcf59db-db5b-809c-adb8-c08a59a8f6a3,2026-08-26T22:19:48.961638
6656.T,인스펙,TSE,일본,개별기업주식,글로벌성장주,IT / 반도체소부장,[],,,38af59db-db5b-80e1-af25-fc9259ef3705,2026-08-26T22:19:48.961638
6758.T,소니,TSE,일본,개별기업주식,글로벌성장주,IT / 빅테크디바이스,[],,,38ff59db-db5b-80a5-ad51-e249d4ad543d,2026-08-26T22:19:48.961638
6857.T,아드반테스트,TSE,일본,개별기업주식,글로벌성장주,IT / 반도체소부장,[],,,34cf59db-db5b-803d-be53-d0f7d0780025,2026-08-26T22:19:48.961638
6871.T,일본마이크로닉스,TSE,일본,개별기업주식,글로벌성장주,IT / 반도체소부장,[],,,38af59db-db5b-8047-a893-e69a57371a5b,2026-08-26T22:19:48.961638
6920.T,레이저텍,TSE,일본,개별기업주식,글로벌성장주,IT / 반도체소부장,[],,,34cf59db-db5b-80ca-8b76-ffe54face880,2026-08-26T22:19:48.961638
6954.T,화낙,TSE,일본,개별기업주식,글로벌성장주,산업재 / 로봇·자동화,[],,,38ff59db-db5b-809c-821f-f5897f284be3,2026-08-26T22:19:48.961638
6981.T,무라타 제작,TSE,일본,개별기업주식,글로벌성장주,IT / 전자부품·소재,[],,,35ff59db-db5b-800b-9765-dbc0413d5c49,2026-08-26T22:19:48.961638
8035.T,도쿄일렉트론,TSE,일본,개별기업주식,글로벌성장주,IT / 반도체소부장,[],,,34cf59db-db5b-80fb-bf02-c2b30dcaaf83,2026-08-26T22:19:48.961638
