keyword,dict_type,category,subcategory,standard_sector,official_name,product_type,asset_class,market,country,currency,blue_chips,yahoo_ticker,market_bm,ind_bm,priority,note,updated_at
TSM,6.해외주식지정,IT,AI반도체,IT / AI반도체,TSMC(ADR),개별기업주식,글로벌성장주,GLOBAL,대만,USD,[],2330.TW,QQQ,SOXX,100,글로벌 대표 ADR/해외주식 (TSMC(ADR)),2026-08-26T08:50:42.077439
ASML,6.해외주식지정,IT,반도체소부장,IT / 반도체소부장,ASML 홀딩(ADR),개별기업주식,글로벌성장주,GLOBAL,유럽,USD,[],ASML.AS,QQQ,SOXX,100,글로벌 대표 ADR/해외주식 (ASML 홀딩(ADR)),2026-08-26T08:50:42.077439
ARM,6.해외주식지정,IT,AI반도체,IT / AI반도체,Arm 홀딩스(ADR),개별기업주식,글로벌성장주,NASDAQ,영국,USD,[],ARM.L,QQQ,SOXX,100,글로벌 대표 ADR/해외주식 (Arm 홀딩스(ADR)),2026-08-26T08:50:42.077439
NXPI,6.해외주식지정,IT,AI반도체,IT / AI반도체,NXP 세미컨덕터스,개별기업주식,글로벌성장주,GLOBAL,유럽,USD,[],NXPI,QQQ,SOXX,100,글로벌 대표 ADR/해외주식 (NXP 세미컨덕터스),2026-08-26T08:50:42.077439
STM,6.해외주식지정,IT,AI반도체,IT / AI반도체,ST 마이크로일렉트로닉스(ADR),개별기업주식,글로벌성장주,GLOBAL,유럽,USD,[],STM.PA,QQQ,SOXX,100,글로벌 대표 ADR/해외주식 (ST 마이크로일렉트로닉스(ADR)),2026-08-26T08:50:42.077439
SAP,6.해외주식지정,IT,클라우드소프트웨어,IT / 클라우드소프트웨어,SAP SE(ADR),개별기업주식,글로벌성장주,GLOBAL,유럽,USD,[],SAP.DE,SPY,IGV,100,글로벌 대표 ADR/해외주식 (SAP SE(ADR)),2026-08-26T08:50:42.077439
BABA,6.해외주식지정,통신미디어,이커머스플랫폼,통신미디어 / 이커머스플랫폼,알리바바 그룹(ADR),개별기업주식,글로벌성장주,NYSE,중국,USD,[],9988.HK,SPY,XLC,100,글로벌 대표 ADR/해외주식 (알리바바 그룹(ADR)),2026-08-26T08:50:42.077439
PDD,6.해외주식지정,통신미디어,이커머스플랫폼,통신미디어 / 이커머스플랫폼,핀둬둬(PDD Holdings),개별기업주식,글로벌성장주,NASDAQ,중국,USD,[],PDD,QQQ,XLC,100,글로벌 대표 ADR/해외주식 (핀둬둬(PDD Holdings)),2026-08-26T08:50:42.077439
SE,6.해외주식지정,통신미디어,이커머스플랫폼,통신미디어 / 이커머스플랫폼,Sea Limited(ADR),개별기업주식,글로벌성장주,NYSE,싱가포르,USD,[],SE,SPY,XLC,100,글로벌 대표 ADR/해외주식 (Sea Limited(ADR)),2026-08-26T08:50:42.077439
MBGYY,6.해외주식지정,자유소비재,전기차완성차,자유소비재 / 전기차완성차,메르세데스-벤츠 그룹 ADR,개별기업주식,글로벌성장주,GLOBAL,유럽,USD,[],MBG.DE,SPY,XLY,100,글로벌 대표 ADR/해외주식 (메르세데스-벤츠 그룹 ADR),2026-08-26T08:50:42.077439
SIEGY,6.해외주식지정,산업재,로봇·자동화,산업재 / 로봇·자동화,지멘스 AG ADR,개별기업주식,글로벌성장주,GLOBAL,유럽,USD,[],SIE.DE,SPY,BOTZ,100,글로벌 대표 ADR/해외주식 (지멘스 AG ADR),2026-08-26T08:50:42.077439
SBGSY,6.해외주식지정,산업재,로봇·자동화,산업재 / 로봇·자동화,슈나이더 일렉트릭 ADR,개별기업주식,글로벌성장주,GLOBAL,유럽,USD,[],SU.PA,SPY,BOTZ,100,글로벌 대표 ADR/해외주식 (슈나이더 일렉트릭 ADR),2026-08-26T08:50:42.077439
ABBNY,6.해외주식지정,산업재,전력기기·자동화,산업재 / 전력기기·자동화,ABB Ltd ADR,개별기업주식,글로벌성장주,GLOBAL,유럽,USD,[],ABBN.SW,SPY,XLI,100,글로벌 대표 ADR/해외주식 (ABB Ltd ADR),2026-08-26T08:50:42.077439
2454,6.해외주식지정,전기전자,AI반도체,전기전자 / AI반도체,대만 미디어텍(MediaTek),개별기업주식,글로벌성장주,GLOBAL,글로벌,USD,[],2454.TW,QQQ,SOXX,100,글로벌 대표 ADR/해외주식 (대만 미디어텍(MediaTek)),2026-08-26T08:50:42.077439
6525.T,6.해외주식지정,IT,반도체소부장,IT / 반도체소부장,고쿠사이일렉트릭,개별기업주식,글로벌성장주,TSE,일본,JPY,[],6525.T,QQQ,SOXX,100,글로벌 대표 ADR/해외주식 (고쿠사이일렉트릭),2026-08-26T08:50:42.077439
6758.T,6.해외주식지정,IT,빅테크디바이스,IT / 빅테크디바이스,소니,개별기업주식,글로벌성장주,TSE,일본,JPY,[],6758.T,QQQ,XLK,100,글로벌 대표 ADR/해외주식 (소니),2026-08-26T08:50:42.077439
6954.T,6.해외주식지정,산업재,로봇·자동화,산업재 / 로봇·자동화,화낙,개별기업주식,글로벌성장주,TSE,일본,JPY,[],6954.T,QQQ,BOTZ,100,글로벌 대표 ADR/해외주식 (화낙),2026-08-26T08:50:42.077439
6871.T,6.해외주식지정,IT,반도체소부장,IT / 반도체소부장,일본마이크로닉스,개별기업주식,글로벌성장주,TSE,일본,JPY,[],6871.T,QQQ,SOXX,100,글로벌 대표 ADR/해외주식 (일본마이크로닉스),2026-08-26T08:50:42.077439
6656.T,6.해외주식지정,IT,반도체소부장,IT / 반도체소부장,인스펙,개별기업주식,글로벌성장주,TSE,일본,JPY,[],6656.T,QQQ,SOXX,100,글로벌 대표 ADR/해외주식 (인스펙),2026-08-26T08:50:42.077439
6981.T,6.해외주식지정,IT,전자부품·소재,IT / 전자부품·소재,무라타 제작,개별기업주식,글로벌성장주,TSE,일본,JPY,[],6981.T,QQQ,XLK,100,글로벌 대표 ADR/해외주식 (무라타 제작),2026-08-26T08:50:42.077439
7203.T,6.해외주식지정,자유소비재,전기차완성차,자유소비재 / 전기차완성차,토요타 자동차,개별기업주식,글로벌성장주,TSE,일본,JPY,[],7203.T,SPY,XLY,100,글로벌 대표 ADR/해외주식 (토요타 자동차),2026-08-26T08:50:42.077439
8035.T,6.해외주식지정,IT,반도체소부장,IT / 반도체소부장,도쿄일렉트론,개별기업주식,글로벌성장주,TSE,일본,JPY,[],8035.T,QQQ,SOXX,100,글로벌 대표 ADR/해외주식 (도쿄일렉트론),2026-08-26T08:50:42.077439
6857.T,6.해외주식지정,IT,반도체소부장,IT / 반도체소부장,아드반테스트,개별기업주식,글로벌성장주,TSE,일본,JPY,[],6857.T,QQQ,SOXX,100,글로벌 대표 ADR/해외주식 (아드반테스트),2026-08-26T08:50:42.077439
6920.T,6.해외주식지정,IT,반도체소부장,IT / 반도체소부장,레이저텍,개별기업주식,글로벌성장주,TSE,일본,JPY,[],6920.T,QQQ,SOXX,100,글로벌 대표 ADR/해외주식 (레이저텍),2026-08-26T08:50:42.077439
4062.T,6.해외주식지정,IT,전자부품·소재,IT / 전자부품·소재,이비덴,개별기업주식,글로벌성장주,TSE,일본,JPY,[],4062.T,QQQ,XLK,100,글로벌 대표 ADR/해외주식 (이비덴),2026-08-26T08:50:42.077439
285A.T,6.해외주식지정,IT,AI반도체,IT / AI반도체,키옥시아,개별기업주식,글로벌성장주,TSE,일본,JPY,[],285A.T,QQQ,SOXX,100,글로벌 대표 ADR/해외주식 (키옥시아),2026-08-26T08:50:42.077439
SPY,5.글로벌ETF,ETF,S&P500,ETF / S&P500,,지수추종패시,글로벌성장주,ETF(US),미국,USD,[],,SPY,SPY,80,글로벌 대표 ETF (S&P500),2026-08-26T08:50:42.077439
QQQ,5.글로벌ETF,ETF,나스닥100,ETF / 나스닥100,,지수추종패시,글로벌성장주,ETF(US),미국,USD,[],,QQQ,QQQ,80,글로벌 대표 ETF (나스닥100),2026-08-26T08:50:42.077439
DIA,5.글로벌ETF,ETF,다우존스30,ETF / 다우존스30,,지수추종패시,글로벌성장주,ETF(US),미국,USD,[],,DIA,DIA,80,글로벌 대표 ETF (다우존스30),2026-08-26T08:50:42.077439
SOXX,5.글로벌ETF,ETF,미국반도체,ETF / 미국반도체,,섹터테마알파,글로벌성장주,ETF(US),미국,USD,[],,QQQ,SOXX,80,글로벌 대표 ETF (미국반도체),2026-08-26T08:50:42.077439
XLK,5.글로벌ETF,ETF,미국테크,ETF / 미국테크,,섹터테마알파,글로벌성장주,ETF(US),미국,USD,[],,QQQ,XLK,80,글로벌 대표 ETF (미국테크),2026-08-26T08:50:42.077439
XLF,5.글로벌ETF,ETF,미국금융,ETF / 미국금융,,섹터테마알파,글로벌성장주,ETF(US),미국,USD,[],,SPY,XLF,80,글로벌 대표 ETF (미국금융),2026-08-26T08:50:42.077439
XLE,5.글로벌ETF,ETF,미국에너지,ETF / 미국에너지,,섹터테마알파,글로벌성장주,ETF(US),미국,USD,[],,SPY,XLE,80,글로벌 대표 ETF (미국에너지),2026-08-26T08:50:42.077439
XLV,5.글로벌ETF,ETF,미국헬스케어,ETF / 미국헬스케어,,섹터테마알파,글로벌성장주,ETF(US),미국,USD,[],,SPY,XLV,80,글로벌 대표 ETF (미국헬스케어),2026-08-26T08:50:42.077439
XLI,5.글로벌ETF,ETF,미국산업재,ETF / 미국산업재,,섹터테마알파,글로벌성장주,ETF(US),미국,USD,[],,SPY,XLI,80,글로벌 대표 ETF (미국산업재),2026-08-26T08:50:42.077439
SCHD,5.글로벌ETF,ETF,미국배당다우존스,ETF / 미국배당다우존스,,배당인컴상품,한미배당성장,ETF(US),미국,USD,[],,SPY,SCHD,80,글로벌 대표 ETF (미국배당다우존스),2026-08-26T08:50:42.077439
TLT,5.글로벌ETF,ETF,미국장기국채20년,ETF / 미국장기국채20년,,채권금리상품,미국장기국채,ETF(US),미국,USD,[],,SPY,TLT,80,글로벌 대표 ETF (미국장기국채20년),2026-08-26T08:50:42.077439
BOTZ,5.글로벌ETF,ETF,글로벌로봇AI,ETF / 글로벌로봇AI,,섹터테마알파,글로벌성장주,ETF(US),미국,USD,[],,QQQ,BOTZ,80,글로벌 대표 ETF (글로벌로봇AI),2026-08-26T08:50:42.077439
LIT,5.글로벌ETF,ETF,글로벌2차전지,ETF / 글로벌2차전지,,섹터테마알파,글로벌성장주,ETF(US),미국,USD,[],,SPY,LIT,80,글로벌 대표 ETF (글로벌2차전지),2026-08-26T08:50:42.077439
069500,5.글로벌ETF,ETF,KOSPI 200,ETF / KOSPI 200,,지수추종패시,국내주식밸류,ETF(KR),한국,KRW,[],,069500,069500,80,글로벌 대표 ETF (KOSPI 200),2026-08-26T08:50:42.077439
229200,5.글로벌ETF,ETF,KOSDAQ 150,ETF / KOSDAQ 150,,지수추종패시,국내주식밸류,ETF(KR),한국,KRW,[],,229200,229200,80,글로벌 대표 ETF (KOSDAQ 150),2026-08-26T08:50:42.077439
091160,5.글로벌ETF,ETF,KODEX 반도체,ETF / KODEX 반도체,,섹터테마알파,국내주식밸류,ETF(KR),한국,KRW,[],,069500,091160,80,글로벌 대표 ETF (KODEX 반도체),2026-08-26T08:50:42.077439
091170,5.글로벌ETF,ETF,KODEX 은행,ETF / KODEX 은행,,섹터테마알파,국내주식밸류,ETF(KR),한국,KRW,[],,069500,091170,80,글로벌 대표 ETF (KODEX 은행),2026-08-26T08:50:42.077439
091180,5.글로벌ETF,ETF,KODEX 자동차,ETF / KODEX 자동차,,섹터테마알파,국내주식밸류,ETF(KR),한국,KRW,[],,069500,091180,80,글로벌 대표 ETF (KODEX 자동차),2026-08-26T08:50:42.077439
1차 비철금속 제조업,3.KSIC산업,철강금속,1차 비철금속 제조업,철강금속 / 1차 비철금속 제조업,,개별기업주식,국내주식밸류,KOSPI,한국,KRW,[],,069500,139240,50,KRX KSIC 공식 산업분류 (1차 비철금속 제조업),2026-08-26T08:50:42.077439
1차 철강 제조업,3.KSIC산업,철강금속,1차 철강 제조업,철강금속 / 1차 철강 제조업,,개별기업주식,국내주식밸류,KOSPI,한국,KRW,[],,069500,139240,50,KRX KSIC 공식 산업분류 (1차 철강 제조업),2026-08-26T08:50:42.077439
가구 제조업,3.KSIC산업,자유소비재,가구 제조업,자유소비재 / 가구 제조업,,개별기업주식,국내주식밸류,KOSPI,한국,KRW,[],,069500,091160,50,KRX KSIC 공식 산업분류 (가구 제조업),2026-08-26T08:50:42.077439
가전제품 및 정보통신장비 소매업,3.KSIC산업,전기전자,가전제품 및 정보통신장비 소매업,전기전자 / 가전제품 및 정보통신장비 소매업,,개별기업주식,국내주식밸류,KOSPI,한국,KRW,[],,069500,102960,50,KRX KSIC 공식 산업분류 (가전제품 및 정보통신장비 소매업),2026-08-26T08:50:42.077439
가정용 기기 제조업,3.KSIC산업,제조업,가정용 기기 제조업,제조업 / 가정용 기기 제조업,,개별기업주식,국내주식밸류,KOSPI,한국,KRW,[],,069500,091160,50,KRX KSIC 공식 산업분류 (가정용 기기 제조업),2026-08-26T08:50:42.077439
"가죽, 가방 및 유사제품 제조업",3.KSIC산업,제조업,"가죽, 가방 및 유사제품 제조업","제조업 / 가죽, 가방 및 유사제품 제조업",,개별기업주식,국내주식밸류,KOSPI,한국,KRW,[],,069500,091160,50,"KRX KSIC 공식 산업분류 (가죽, 가방 및 유사제품 제조업)",2026-08-26T08:50:42.077439
개인 및 가정용품 수리업,3.KSIC산업,제조업,개인 및 가정용품 수리업,제조업 / 개인 및 가정용품 수리업,,개별기업주식,국내주식밸류,KOSPI,한국,KRW,[],,069500,091160,50,KRX KSIC 공식 산업분류 (개인 및 가정용품 수리업),2026-08-26T08:50:42.077439
개인 및 가정용품 임대업,3.KSIC산업,제조업,개인 및 가정용품 임대업,제조업 / 개인 및 가정용품 임대업,,개별기업주식,국내주식밸류,KOSPI,한국,KRW,[],,069500,091160,50,KRX KSIC 공식 산업분류 (개인 및 가정용품 임대업),2026-08-26T08:50:42.077439
건물 건설업,3.KSIC산업,제조업,건물 건설업,제조업 / 건물 건설업,,개별기업주식,국내주식밸류,KOSPI,한국,KRW,[],,069500,117700,50,KRX KSIC 공식 산업분류 (건물 건설업),2026-08-26T08:50:42.077439
건물설비 설치 공사업,3.KSIC산업,제조업,건물설비 설치 공사업,제조업 / 건물설비 설치 공사업,,개별기업주식,국내주식밸류,KOSPI,한국,KRW,[],,069500,091160,50,KRX KSIC 공식 산업분류 (건물설비 설치 공사업),2026-08-26T08:50:42.077439
"건축기술, 엔지니어링 및 관련 기술 서비스업",3.KSIC산업,제조업,"건축기술, 엔지니어링 및 관련 기술 서비스업","제조업 / 건축기술, 엔지니어링 및 관련 기술 서비스업",,개별기업주식,국내주식밸류,KOSPI,한국,KRW,[],,069500,117700,50,"KRX KSIC 공식 산업분류 (건축기술, 엔지니어링 및 관련 기술 서비스업)",2026-08-26T08:50:42.077439
"건축자재, 철물 및 난방장치 도매업",3.KSIC산업,제조업,"건축자재, 철물 및 난방장치 도매업","제조업 / 건축자재, 철물 및 난방장치 도매업",,개별기업주식,국내주식밸류,KOSPI,한국,KRW,[],,069500,117700,50,"KRX KSIC 공식 산업분류 (건축자재, 철물 및 난방장치 도매업)",2026-08-26T08:50:42.077439
"경비, 경호 및 탐정업",3.KSIC산업,제조업,"경비, 경호 및 탐정업","제조업 / 경비, 경호 및 탐정업",,개별기업주식,국내주식밸류,KOSPI,한국,KRW,[],,069500,091160,50,"KRX KSIC 공식 산업분류 (경비, 경호 및 탐정업)",2026-08-26T08:50:42.077439
고무제품 제조업,3.KSIC산업,화학소재,고무제품 제조업,화학소재 / 고무제품 제조업,,개별기업주식,국내주식밸류,KOSPI,한국,KRW,[],,069500,091160,50,KRX KSIC 공식 산업분류 (고무제품 제조업),2026-08-26T08:50:42.077439
"곡물가공품, 전분 및 전분제품 제조업",3.KSIC산업,제조업,"곡물가공품, 전분 및 전분제품 제조업","제조업 / 곡물가공품, 전분 및 전분제품 제조업",,개별기업주식,국내주식밸류,KOSPI,한국,KRW,[],,069500,091160,50,"KRX KSIC 공식 산업분류 (곡물가공품, 전분 및 전분제품 제조업)",2026-08-26T08:50:42.077439
"골판지, 종이 상자 및 종이용기 제조업",3.KSIC산업,제조업,"골판지, 종이 상자 및 종이용기 제조업","제조업 / 골판지, 종이 상자 및 종이용기 제조업",,개별기업주식,국내주식밸류,KOSPI,한국,KRW,[],,069500,091160,50,"KRX KSIC 공식 산업분류 (골판지, 종이 상자 및 종이용기 제조업)",2026-08-26T08:50:42.077439
"과실, 채소 가공 및 저장 처리업",3.KSIC산업,제조업,"과실, 채소 가공 및 저장 처리업","제조업 / 과실, 채소 가공 및 저장 처리업",,개별기업주식,국내주식밸류,KOSPI,한국,KRW,[],,069500,091160,50,"KRX KSIC 공식 산업분류 (과실, 채소 가공 및 저장 처리업)",2026-08-26T08:50:42.077439
광고업,3.KSIC산업,제조업,광고업,제조업 / 광고업,,개별기업주식,국내주식밸류,KOSPI,한국,KRW,[],,069500,091160,50,KRX KSIC 공식 산업분류 (광고업),2026-08-26T08:50:42.077439
교육지원 서비스업,3.KSIC산업,제조업,교육지원 서비스업,제조업 / 교육지원 서비스업,,개별기업주식,국내주식밸류,KOSPI,한국,KRW,[],,069500,091160,50,KRX KSIC 공식 산업분류 (교육지원 서비스업),2026-08-26T08:50:42.077439
"구조용 금속제품, 탱크 및 증기발생기 제조업",3.KSIC산업,철강금속,"구조용 금속제품, 탱크 및 증기발생기 제조업","철강금속 / 구조용 금속제품, 탱크 및 증기발생기 제조업",,개별기업주식,국내주식밸류,KOSPI,한국,KRW,[],,069500,091160,50,"KRX KSIC 공식 산업분류 (구조용 금속제품, 탱크 및 증기발생기 제조업)",2026-08-26T08:50:42.077439
귀금속 및 장신용품 제조업,3.KSIC산업,철강금속,귀금속 및 장신용품 제조업,철강금속 / 귀금속 및 장신용품 제조업,,개별기업주식,국내주식밸류,KOSPI,한국,KRW,[],,069500,091160,50,KRX KSIC 공식 산업분류 (귀금속 및 장신용품 제조업),2026-08-26T08:50:42.077439
그외 기타 개인 서비스업,3.KSIC산업,제조업,그외 기타 개인 서비스업,제조업 / 그외 기타 개인 서비스업,,개별기업주식,국내주식밸류,KOSPI,한국,KRW,[],,069500,091160,50,KRX KSIC 공식 산업분류 (그외 기타 개인 서비스업),2026-08-26T08:50:42.077439
그외 기타 운송장비 제조업,3.KSIC산업,운수장비,그외 기타 운송장비 제조업,운수장비 / 그외 기타 운송장비 제조업,,개별기업주식,국내주식밸류,KOSPI,한국,KRW,[],,069500,228800,50,KRX KSIC 공식 산업분류 (그외 기타 운송장비 제조업),2026-08-26T08:50:42.077439
"그외 기타 전문, 과학 및 기술 서비스업",3.KSIC산업,제조업,"그외 기타 전문, 과학 및 기술 서비스업","제조업 / 그외 기타 전문, 과학 및 기술 서비스업",,개별기업주식,국내주식밸류,KOSPI,한국,KRW,[],,069500,091160,50,"KRX KSIC 공식 산업분류 (그외 기타 전문, 과학 및 기술 서비스업)",2026-08-26T08:50:42.077439
그외 기타 제품 제조업,3.KSIC산업,제조업,그외 기타 제품 제조업,제조업 / 그외 기타 제품 제조업,,개별기업주식,국내주식밸류,KOSPI,한국,KRW,[],,069500,091160,50,KRX KSIC 공식 산업분류 (그외 기타 제품 제조업),2026-08-26T08:50:42.077439
금속 주조업,3.KSIC산업,철강금속,금속 주조업,철강금속 / 금속 주조업,,개별기업주식,국내주식밸류,KOSPI,한국,KRW,[],,069500,091160,50,KRX KSIC 공식 산업분류 (금속 주조업),2026-08-26T08:50:42.077439
금융 지원 서비스업,3.KSIC산업,금융,금융 지원 서비스업,금융 / 금융 지원 서비스업,,개별기업주식,국내주식밸류,KOSPI,한국,KRW,[],,069500,091170,50,KRX KSIC 공식 산업분류 (금융 지원 서비스업),2026-08-26T08:50:42.077439
기계장비 및 관련 물품 도매업,3.KSIC산업,산업재,기계장비 및 관련 물품 도매업,산업재 / 기계장비 및 관련 물품 도매업,,개별기업주식,국내주식밸류,KOSPI,한국,KRW,[],,069500,091160,50,KRX KSIC 공식 산업분류 (기계장비 및 관련 물품 도매업),2026-08-26T08:50:42.077439
기록매체 복제업,3.KSIC산업,제조업,기록매체 복제업,제조업 / 기록매체 복제업,,개별기업주식,국내주식밸류,KOSPI,한국,KRW,[],,069500,091160,50,KRX KSIC 공식 산업분류 (기록매체 복제업),2026-08-26T08:50:42.077439
기반조성 및 시설물 축조관련 전문공사업,3.KSIC산업,제조업,기반조성 및 시설물 축조관련 전문공사업,제조업 / 기반조성 및 시설물 축조관련 전문공사업,,개별기업주식,국내주식밸류,KOSPI,한국,KRW,[],,069500,091160,50,KRX KSIC 공식 산업분류 (기반조성 및 시설물 축조관련 전문공사업),2026-08-26T08:50:42.077439
기초 의약물질 제조업,3.KSIC산업,제약바이오,기초 의약물질 제조업,제약바이오 / 기초 의약물질 제조업,,개별기업주식,국내주식밸류,KOSPI,한국,KRW,[],,069500,091160,50,KRX KSIC 공식 산업분류 (기초 의약물질 제조업),2026-08-26T08:50:42.077439
기초 화학물질 제조업,3.KSIC산업,화학소재,기초 화학물질 제조업,화학소재 / 기초 화학물질 제조업,,개별기업주식,국내주식밸류,KOSPI,한국,KRW,[],,069500,117460,50,KRX KSIC 공식 산업분류 (기초 화학물질 제조업),2026-08-26T08:50:42.077439
기타 과학기술 서비스업,3.KSIC산업,제조업,기타 과학기술 서비스업,제조업 / 기타 과학기술 서비스업,,개별기업주식,국내주식밸류,KOSPI,한국,KRW,[],,069500,091160,50,KRX KSIC 공식 산업분류 (기타 과학기술 서비스업),2026-08-26T08:50:42.077439
기타 교육기관,3.KSIC산업,제조업,기타 교육기관,제조업 / 기타 교육기관,,개별기업주식,국내주식밸류,KOSPI,한국,KRW,[],,069500,091160,50,KRX KSIC 공식 산업분류 (기타 교육기관),2026-08-26T08:50:42.077439
기타 금속 가공제품 제조업,3.KSIC산업,철강금속,기타 금속 가공제품 제조업,철강금속 / 기타 금속 가공제품 제조업,,개별기업주식,국내주식밸류,KOSPI,한국,KRW,[],,069500,091160,50,KRX KSIC 공식 산업분류 (기타 금속 가공제품 제조업),2026-08-26T08:50:42.077439
기타 금융업,3.KSIC산업,금융,기타 금융업,금융 / 기타 금융업,,개별기업주식,국내주식밸류,KOSPI,한국,KRW,[],,069500,091170,50,KRX KSIC 공식 산업분류 (기타 금융업),2026-08-26T08:50:42.077439
기타 비금속 광물제품 제조업,3.KSIC산업,철강금속,기타 비금속 광물제품 제조업,철강금속 / 기타 비금속 광물제품 제조업,,개별기업주식,국내주식밸류,KOSPI,한국,KRW,[],,069500,091160,50,KRX KSIC 공식 산업분류 (기타 비금속 광물제품 제조업),2026-08-26T08:50:42.077439
기타 사업지원 서비스업,3.KSIC산업,제조업,기타 사업지원 서비스업,제조업 / 기타 사업지원 서비스업,,개별기업주식,국내주식밸류,KOSPI,한국,KRW,[],,069500,091160,50,KRX KSIC 공식 산업분류 (기타 사업지원 서비스업),2026-08-26T08:50:42.077439
기타 상품 전문 소매업,3.KSIC산업,제조업,기타 상품 전문 소매업,제조업 / 기타 상품 전문 소매업,,개별기업주식,국내주식밸류,KOSPI,한국,KRW,[],,069500,091160,50,KRX KSIC 공식 산업분류 (기타 상품 전문 소매업),2026-08-26T08:50:42.077439
기타 생활용품 소매업,3.KSIC산업,제조업,기타 생활용품 소매업,제조업 / 기타 생활용품 소매업,,개별기업주식,국내주식밸류,KOSPI,한국,KRW,[],,069500,091160,50,KRX KSIC 공식 산업분류 (기타 생활용품 소매업),2026-08-26T08:50:42.077439
기타 섬유제품 제조업,3.KSIC산업,필수소비재,기타 섬유제품 제조업,필수소비재 / 기타 섬유제품 제조업,,개별기업주식,국내주식밸류,KOSPI,한국,KRW,[],,069500,091160,50,KRX KSIC 공식 산업분류 (기타 섬유제품 제조업),2026-08-26T08:50:42.077439
기타 식품 제조업,3.KSIC산업,필수소비재,기타 식품 제조업,필수소비재 / 기타 식품 제조업,,개별기업주식,국내주식밸류,KOSPI,한국,KRW,[],,069500,091160,50,KRX KSIC 공식 산업분류 (기타 식품 제조업),2026-08-26T08:50:42.077439
기타 운송관련 서비스업,3.KSIC산업,운수장비,기타 운송관련 서비스업,운수장비 / 기타 운송관련 서비스업,,개별기업주식,국내주식밸류,KOSPI,한국,KRW,[],,069500,228800,50,KRX KSIC 공식 산업분류 (기타 운송관련 서비스업),2026-08-26T08:50:42.077439
기타 전기장비 제조업,3.KSIC산업,전기전자,기타 전기장비 제조업,전기전자 / 기타 전기장비 제조업,,개별기업주식,국내주식밸류,KOSPI,한국,KRW,[],,069500,091160,50,KRX KSIC 공식 산업분류 (기타 전기장비 제조업),2026-08-26T08:50:42.077439
기타 전문 도매업,3.KSIC산업,제조업,기타 전문 도매업,제조업 / 기타 전문 도매업,,개별기업주식,국내주식밸류,KOSPI,한국,KRW,[],,069500,091160,50,KRX KSIC 공식 산업분류 (기타 전문 도매업),2026-08-26T08:50:42.077439
기타 전문 서비스업,3.KSIC산업,제조업,기타 전문 서비스업,제조업 / 기타 전문 서비스업,,개별기업주식,국내주식밸류,KOSPI,한국,KRW,[],,069500,091160,50,KRX KSIC 공식 산업분류 (기타 전문 서비스업),2026-08-26T08:50:42.077439
기타 정보 서비스업,3.KSIC산업,IT서비스,기타 정보 서비스업,IT서비스 / 기타 정보 서비스업,,개별기업주식,국내주식밸류,KOSPI,한국,KRW,[],,069500,091160,50,KRX KSIC 공식 산업분류 (기타 정보 서비스업),2026-08-26T08:50:42.077439
기타 종이 및 판지 제품 제조업,3.KSIC산업,제조업,기타 종이 및 판지 제품 제조업,제조업 / 기타 종이 및 판지 제품 제조업,,개별기업주식,국내주식밸류,KOSPI,한국,KRW,[],,069500,091160,50,KRX KSIC 공식 산업분류 (기타 종이 및 판지 제품 제조업),2026-08-26T08:50:42.077439
기타 화학제품 제조업,3.KSIC산업,화학소재,기타 화학제품 제조업,화학소재 / 기타 화학제품 제조업,,개별기업주식,국내주식밸류,KOSPI,한국,KRW,[],,069500,117460,50,KRX KSIC 공식 산업분류 (기타 화학제품 제조업),2026-08-26T08:50:42.077439
나무제품 제조업,3.KSIC산업,제조업,나무제품 제조업,제조업 / 나무제품 제조업,,개별기업주식,국내주식밸류,KOSPI,한국,KRW,[],,069500,091160,50,KRX KSIC 공식 산업분류 (나무제품 제조업),2026-08-26T08:50:42.077439
"내화, 비내화 요업제품 제조업",3.KSIC산업,제조업,"내화, 비내화 요업제품 제조업","제조업 / 내화, 비내화 요업제품 제조업",,개별기업주식,국내주식밸류,KOSPI,한국,KRW,[],,069500,091160,50,"KRX KSIC 공식 산업분류 (내화, 비내화 요업제품 제조업)",2026-08-26T08:50:42.077439
담배 제조업,3.KSIC산업,필수소비재,담배 제조업,필수소비재 / 담배 제조업,,개별기업주식,국내주식밸류,KOSPI,한국,KRW,[],,069500,091160,50,KRX KSIC 공식 산업분류 (담배 제조업),2026-08-26T08:50:42.077439
도로 화물 운송업,3.KSIC산업,운수장비,도로 화물 운송업,운수장비 / 도로 화물 운송업,,개별기업주식,국내주식밸류,KOSPI,한국,KRW,[],,069500,228800,50,KRX KSIC 공식 산업분류 (도로 화물 운송업),2026-08-26T08:50:42.077439
도시락 및 식사용 조리식품 제조업,3.KSIC산업,필수소비재,도시락 및 식사용 조리식품 제조업,필수소비재 / 도시락 및 식사용 조리식품 제조업,,개별기업주식,국내주식밸류,KOSPI,한국,KRW,[],,069500,091160,50,KRX KSIC 공식 산업분류 (도시락 및 식사용 조리식품 제조업),2026-08-26T08:50:42.077439
"도축, 육류 가공 및 저장 처리업",3.KSIC산업,제조업,"도축, 육류 가공 및 저장 처리업","제조업 / 도축, 육류 가공 및 저장 처리업",,개별기업주식,국내주식밸류,KOSPI,한국,KRW,[],,069500,091160,50,"KRX KSIC 공식 산업분류 (도축, 육류 가공 및 저장 처리업)",2026-08-26T08:50:42.077439
동·식물성 유지 및 낙농제품 제조업,3.KSIC산업,철강금속,동·식물성 유지 및 낙농제품 제조업,철강금속 / 동·식물성 유지 및 낙농제품 제조업,,개별기업주식,국내주식밸류,KOSPI,한국,KRW,[],,069500,091160,50,KRX KSIC 공식 산업분류 (동·식물성 유지 및 낙농제품 제조업),2026-08-26T08:50:42.077439
동물용 사료 및 조제식품 제조업,3.KSIC산업,철강금속,동물용 사료 및 조제식품 제조업,철강금속 / 동물용 사료 및 조제식품 제조업,,개별기업주식,국내주식밸류,KOSPI,한국,KRW,[],,069500,091160,50,KRX KSIC 공식 산업분류 (동물용 사료 및 조제식품 제조업),2026-08-26T08:50:42.077439
"떡, 빵 및 과자류 제조업",3.KSIC산업,제조업,"떡, 빵 및 과자류 제조업","제조업 / 떡, 빵 및 과자류 제조업",,개별기업주식,국내주식밸류,KOSPI,한국,KRW,[],,069500,091160,50,"KRX KSIC 공식 산업분류 (떡, 빵 및 과자류 제조업)",2026-08-26T08:50:42.077439
마그네틱 및 광학 매체 제조업,3.KSIC산업,제조업,마그네틱 및 광학 매체 제조업,제조업 / 마그네틱 및 광학 매체 제조업,,개별기업주식,국내주식밸류,KOSPI,한국,KRW,[],,069500,091160,50,KRX KSIC 공식 산업분류 (마그네틱 및 광학 매체 제조업),2026-08-26T08:50:42.077439
무기 및 총포탄 제조업,3.KSIC산업,제조업,무기 및 총포탄 제조업,제조업 / 무기 및 총포탄 제조업,,개별기업주식,국내주식밸류,KOSPI,한국,KRW,[],,069500,449450,50,KRX KSIC 공식 산업분류 (무기 및 총포탄 제조업),2026-08-26T08:50:42.077439
무점포 소매업,3.KSIC산업,제조업,무점포 소매업,제조업 / 무점포 소매업,,개별기업주식,국내주식밸류,KOSPI,한국,KRW,[],,069500,091160,50,KRX KSIC 공식 산업분류 (무점포 소매업),2026-08-26T08:50:42.077439
반도체 제조업,3.KSIC산업,전기전자,반도체 제조업,전기전자 / 반도체 제조업,,개별기업주식,국내주식밸류,KOSPI,한국,KRW,[],,069500,396500,50,KRX KSIC 공식 산업분류 (반도체 제조업),2026-08-26T08:50:42.077439
방적 및 가공사 제조업,3.KSIC산업,제조업,방적 및 가공사 제조업,제조업 / 방적 및 가공사 제조업,,개별기업주식,국내주식밸류,KOSPI,한국,KRW,[],,069500,091160,50,KRX KSIC 공식 산업분류 (방적 및 가공사 제조업),2026-08-26T08:50:42.077439
보험 및 연금관련 서비스업,3.KSIC산업,금융,보험 및 연금관련 서비스업,금융 / 보험 및 연금관련 서비스업,,개별기업주식,국내주식밸류,KOSPI,한국,KRW,[],,069500,140700,50,KRX KSIC 공식 산업분류 (보험 및 연금관련 서비스업),2026-08-26T08:50:42.077439
보험업,3.KSIC산업,금융,보험업,금융 / 보험업,,개별기업주식,국내주식밸류,KOSPI,한국,KRW,[],,069500,140700,50,KRX KSIC 공식 산업분류 (보험업),2026-08-26T08:50:42.077439
봉제의복 제조업,3.KSIC산업,자유소비재,봉제의복 제조업,자유소비재 / 봉제의복 제조업,,개별기업주식,국내주식밸류,KOSPI,한국,KRW,[],,069500,091160,50,KRX KSIC 공식 산업분류 (봉제의복 제조업),2026-08-26T08:50:42.077439
부동산 임대 및 공급업,3.KSIC산업,철강금속,부동산 임대 및 공급업,철강금속 / 부동산 임대 및 공급업,,개별기업주식,국내주식밸류,KOSPI,한국,KRW,[],,069500,091160,50,KRX KSIC 공식 산업분류 (부동산 임대 및 공급업),2026-08-26T08:50:42.077439
"비료, 농약 및 살균, 살충제 제조업",3.KSIC산업,제조업,"비료, 농약 및 살균, 살충제 제조업","제조업 / 비료, 농약 및 살균, 살충제 제조업",,개별기업주식,국내주식밸류,KOSPI,한국,KRW,[],,069500,091160,50,"KRX KSIC 공식 산업분류 (비료, 농약 및 살균, 살충제 제조업)",2026-08-26T08:50:42.077439
비알코올음료 및 얼음 제조업,3.KSIC산업,필수소비재,비알코올음료 및 얼음 제조업,필수소비재 / 비알코올음료 및 얼음 제조업,,개별기업주식,국내주식밸류,KOSPI,한국,KRW,[],,069500,091160,50,KRX KSIC 공식 산업분류 (비알코올음료 및 얼음 제조업),2026-08-26T08:50:42.077439
사업시설 유지·관리 서비스업,3.KSIC산업,제조업,사업시설 유지·관리 서비스업,제조업 / 사업시설 유지·관리 서비스업,,개별기업주식,국내주식밸류,KOSPI,한국,KRW,[],,069500,091160,50,KRX KSIC 공식 산업분류 (사업시설 유지·관리 서비스업),2026-08-26T08:50:42.077439
사진장비 및 광학기기 제조업,3.KSIC산업,산업재,사진장비 및 광학기기 제조업,산업재 / 사진장비 및 광학기기 제조업,,개별기업주식,국내주식밸류,KOSPI,한국,KRW,[],,069500,091160,50,KRX KSIC 공식 산업분류 (사진장비 및 광학기기 제조업),2026-08-26T08:50:42.077439
산업용 기계 및 장비 임대업,3.KSIC산업,산업재,산업용 기계 및 장비 임대업,산업재 / 산업용 기계 및 장비 임대업,,개별기업주식,국내주식밸류,KOSPI,한국,KRW,[],,069500,091160,50,KRX KSIC 공식 산업분류 (산업용 기계 및 장비 임대업),2026-08-26T08:50:42.077439
산업용 농·축산물 및 동·식물 도매업,3.KSIC산업,철강금속,산업용 농·축산물 및 동·식물 도매업,철강금속 / 산업용 농·축산물 및 동·식물 도매업,,개별기업주식,국내주식밸류,KOSPI,한국,KRW,[],,069500,091160,50,KRX KSIC 공식 산업분류 (산업용 농·축산물 및 동·식물 도매업),2026-08-26T08:50:42.077439
상품 종합 도매업,3.KSIC산업,제조업,상품 종합 도매업,제조업 / 상품 종합 도매업,,개별기업주식,국내주식밸류,KOSPI,한국,KRW,[],,069500,091160,50,KRX KSIC 공식 산업분류 (상품 종합 도매업),2026-08-26T08:50:42.077439
상품 중개업,3.KSIC산업,제조업,상품 중개업,제조업 / 상품 중개업,,개별기업주식,국내주식밸류,KOSPI,한국,KRW,[],,069500,091160,50,KRX KSIC 공식 산업분류 (상품 중개업),2026-08-26T08:50:42.077439
생활용품 도매업,3.KSIC산업,제조업,생활용품 도매업,제조업 / 생활용품 도매업,,개별기업주식,국내주식밸류,KOSPI,한국,KRW,[],,069500,091160,50,KRX KSIC 공식 산업분류 (생활용품 도매업),2026-08-26T08:50:42.077439
"서적, 잡지 및 기타 인쇄물 출판업",3.KSIC산업,제조업,"서적, 잡지 및 기타 인쇄물 출판업","제조업 / 서적, 잡지 및 기타 인쇄물 출판업",,개별기업주식,국내주식밸류,KOSPI,한국,KRW,[],,069500,091160,50,"KRX KSIC 공식 산업분류 (서적, 잡지 및 기타 인쇄물 출판업)",2026-08-26T08:50:42.077439
석유 정제품 제조업,3.KSIC산업,화학소재,석유 정제품 제조업,화학소재 / 석유 정제품 제조업,,개별기업주식,국내주식밸류,KOSPI,한국,KRW,[],,069500,117460,50,KRX KSIC 공식 산업분류 (석유 정제품 제조업),2026-08-26T08:50:42.077439
선박 및 보트 건조업,3.KSIC산업,제조업,선박 및 보트 건조업,제조업 / 선박 및 보트 건조업,,개별기업주식,국내주식밸류,KOSPI,한국,KRW,[],,069500,466920,50,KRX KSIC 공식 산업분류 (선박 및 보트 건조업),2026-08-26T08:50:42.077439
"섬유, 의복, 신발 및 가죽제품 소매업",3.KSIC산업,자유소비재,"섬유, 의복, 신발 및 가죽제품 소매업","자유소비재 / 섬유, 의복, 신발 및 가죽제품 소매업",,개별기업주식,국내주식밸류,KOSPI,한국,KRW,[],,069500,091160,50,"KRX KSIC 공식 산업분류 (섬유, 의복, 신발 및 가죽제품 소매업)",2026-08-26T08:50:42.077439
"섬유제품 염색, 정리 및 마무리 가공업",3.KSIC산업,필수소비재,"섬유제품 염색, 정리 및 마무리 가공업","필수소비재 / 섬유제품 염색, 정리 및 마무리 가공업",,개별기업주식,국내주식밸류,KOSPI,한국,KRW,[],,069500,091160,50,"KRX KSIC 공식 산업분류 (섬유제품 염색, 정리 및 마무리 가공업)",2026-08-26T08:50:42.077439
소프트웨어 개발 및 공급업,3.KSIC산업,IT서비스,소프트웨어 개발 및 공급업,IT서비스 / 소프트웨어 개발 및 공급업,,개별기업주식,국내주식밸류,KOSPI,한국,KRW,[],,069500,139260,50,KRX KSIC 공식 산업분류 (소프트웨어 개발 및 공급업),2026-08-26T08:50:42.077439
수산물 가공 및 저장 처리업,3.KSIC산업,제조업,수산물 가공 및 저장 처리업,제조업 / 수산물 가공 및 저장 처리업,,개별기업주식,국내주식밸류,KOSPI,한국,KRW,[],,069500,091160,50,KRX KSIC 공식 산업분류 (수산물 가공 및 저장 처리업),2026-08-26T08:50:42.077439
스포츠 서비스업,3.KSIC산업,제조업,스포츠 서비스업,제조업 / 스포츠 서비스업,,개별기업주식,국내주식밸류,KOSPI,한국,KRW,[],,069500,091160,50,KRX KSIC 공식 산업분류 (스포츠 서비스업),2026-08-26T08:50:42.077439
"시멘트, 석회, 플라스터 및 그 제품 제조업",3.KSIC산업,제조업,"시멘트, 석회, 플라스터 및 그 제품 제조업","제조업 / 시멘트, 석회, 플라스터 및 그 제품 제조업",,개별기업주식,국내주식밸류,KOSPI,한국,KRW,[],,069500,091160,50,"KRX KSIC 공식 산업분류 (시멘트, 석회, 플라스터 및 그 제품 제조업)",2026-08-26T08:50:42.077439
시장조사 및 여론조사업,3.KSIC산업,제조업,시장조사 및 여론조사업,제조업 / 시장조사 및 여론조사업,,개별기업주식,국내주식밸류,KOSPI,한국,KRW,[],,069500,091160,50,KRX KSIC 공식 산업분류 (시장조사 및 여론조사업),2026-08-26T08:50:42.077439
신발 및 신발 부분품 제조업,3.KSIC산업,제조업,신발 및 신발 부분품 제조업,제조업 / 신발 및 신발 부분품 제조업,,개별기업주식,국내주식밸류,KOSPI,한국,KRW,[],,069500,091160,50,KRX KSIC 공식 산업분류 (신발 및 신발 부분품 제조업),2026-08-26T08:50:42.077439
신탁업 및 집합투자업,3.KSIC산업,금융,신탁업 및 집합투자업,금융 / 신탁업 및 집합투자업,,개별기업주식,국내주식밸류,KOSPI,한국,KRW,[],,069500,091160,50,KRX KSIC 공식 산업분류 (신탁업 및 집합투자업),2026-08-26T08:50:42.077439
실내건축 및 건축마무리 공사업,3.KSIC산업,제조업,실내건축 및 건축마무리 공사업,제조업 / 실내건축 및 건축마무리 공사업,,개별기업주식,국내주식밸류,KOSPI,한국,KRW,[],,069500,117700,50,KRX KSIC 공식 산업분류 (실내건축 및 건축마무리 공사업),2026-08-26T08:50:42.077439
악기 제조업,3.KSIC산업,제조업,악기 제조업,제조업 / 악기 제조업,,개별기업주식,국내주식밸류,KOSPI,한국,KRW,[],,069500,091160,50,KRX KSIC 공식 산업분류 (악기 제조업),2026-08-26T08:50:42.077439
알코올음료 제조업,3.KSIC산업,필수소비재,알코올음료 제조업,필수소비재 / 알코올음료 제조업,,개별기업주식,국내주식밸류,KOSPI,한국,KRW,[],,069500,091160,50,KRX KSIC 공식 산업분류 (알코올음료 제조업),2026-08-26T08:50:42.077439
어로 어업,3.KSIC산업,제조업,어로 어업,제조업 / 어로 어업,,개별기업주식,국내주식밸류,KOSPI,한국,KRW,[],,069500,091160,50,KRX KSIC 공식 산업분류 (어로 어업),2026-08-26T08:50:42.077439
여행사 및 기타 여행보조 서비스업,3.KSIC산업,제조업,여행사 및 기타 여행보조 서비스업,제조업 / 여행사 및 기타 여행보조 서비스업,,개별기업주식,국내주식밸류,KOSPI,한국,KRW,[],,069500,228800,50,KRX KSIC 공식 산업분류 (여행사 및 기타 여행보조 서비스업),2026-08-26T08:50:42.077439
연료 소매업,3.KSIC산업,제조업,연료 소매업,제조업 / 연료 소매업,,개별기업주식,국내주식밸류,KOSPI,한국,KRW,[],,069500,091160,50,KRX KSIC 공식 산업분류 (연료 소매업),2026-08-26T08:50:42.077439
연료용 가스 제조 및 배관공급업,3.KSIC산업,제조업,연료용 가스 제조 및 배관공급업,제조업 / 연료용 가스 제조 및 배관공급업,,개별기업주식,국내주식밸류,KOSPI,한국,KRW,[],,069500,117460,50,KRX KSIC 공식 산업분류 (연료용 가스 제조 및 배관공급업),2026-08-26T08:50:42.077439
영상 및 음향기기 제조업,3.KSIC산업,제조업,영상 및 음향기기 제조업,제조업 / 영상 및 음향기기 제조업,,개별기업주식,국내주식밸류,KOSPI,한국,KRW,[],,069500,091160,50,KRX KSIC 공식 산업분류 (영상 및 음향기기 제조업),2026-08-26T08:50:42.077439
영상·오디오물 제공 서비스업,3.KSIC산업,제조업,영상·오디오물 제공 서비스업,제조업 / 영상·오디오물 제공 서비스업,,개별기업주식,국내주식밸류,KOSPI,한국,KRW,[],,069500,091160,50,KRX KSIC 공식 산업분류 (영상·오디오물 제공 서비스업),2026-08-26T08:50:42.077439
"영화, 비디오물, 방송프로그램 제작 및 배급업",3.KSIC산업,제조업,"영화, 비디오물, 방송프로그램 제작 및 배급업","제조업 / 영화, 비디오물, 방송프로그램 제작 및 배급업",,개별기업주식,국내주식밸류,KOSPI,한국,KRW,[],,069500,364970,50,"KRX KSIC 공식 산업분류 (영화, 비디오물, 방송프로그램 제작 및 배급업)",2026-08-26T08:50:42.077439
오디오물 출판 및 원판 녹음업,3.KSIC산업,제조업,오디오물 출판 및 원판 녹음업,제조업 / 오디오물 출판 및 원판 녹음업,,개별기업주식,국내주식밸류,KOSPI,한국,KRW,[],,069500,091160,50,KRX KSIC 공식 산업분류 (오디오물 출판 및 원판 녹음업),2026-08-26T08:50:42.077439
운동 및 경기용구 제조업,3.KSIC산업,철강금속,운동 및 경기용구 제조업,철강금속 / 운동 및 경기용구 제조업,,개별기업주식,국내주식밸류,KOSPI,한국,KRW,[],,069500,091160,50,KRX KSIC 공식 산업분류 (운동 및 경기용구 제조업),2026-08-26T08:50:42.077439
운송장비 임대업,3.KSIC산업,운수장비,운송장비 임대업,운수장비 / 운송장비 임대업,,개별기업주식,국내주식밸류,KOSPI,한국,KRW,[],,069500,228800,50,KRX KSIC 공식 산업분류 (운송장비 임대업),2026-08-26T08:50:42.077439
유리 및 유리제품 제조업,3.KSIC산업,제조업,유리 및 유리제품 제조업,제조업 / 유리 및 유리제품 제조업,,개별기업주식,국내주식밸류,KOSPI,한국,KRW,[],,069500,091160,50,KRX KSIC 공식 산업분류 (유리 및 유리제품 제조업),2026-08-26T08:50:42.077439
유원지 및 기타 오락관련 서비스업,3.KSIC산업,제조업,유원지 및 기타 오락관련 서비스업,제조업 / 유원지 및 기타 오락관련 서비스업,,개별기업주식,국내주식밸류,KOSPI,한국,KRW,[],,069500,091160,50,KRX KSIC 공식 산업분류 (유원지 및 기타 오락관련 서비스업),2026-08-26T08:50:42.077439
육상 여객 운송업,3.KSIC산업,운수장비,육상 여객 운송업,운수장비 / 육상 여객 운송업,,개별기업주식,국내주식밸류,KOSPI,한국,KRW,[],,069500,228800,50,KRX KSIC 공식 산업분류 (육상 여객 운송업),2026-08-26T08:50:42.077439
은행 및 저축기관,3.KSIC산업,금융,은행 및 저축기관,금융 / 은행 및 저축기관,,개별기업주식,국내주식밸류,KOSPI,한국,KRW,[],,069500,091170,50,KRX KSIC 공식 산업분류 (은행 및 저축기관),2026-08-26T08:50:42.077439
음·식료품 및 담배 도매업,3.KSIC산업,필수소비재,음·식료품 및 담배 도매업,필수소비재 / 음·식료품 및 담배 도매업,,개별기업주식,국내주식밸류,KOSPI,한국,KRW,[],,069500,091160,50,KRX KSIC 공식 산업분류 (음·식료품 및 담배 도매업),2026-08-26T08:50:42.077439
음·식료품 및 담배 소매업,3.KSIC산업,필수소비재,음·식료품 및 담배 소매업,필수소비재 / 음·식료품 및 담배 소매업,,개별기업주식,국내주식밸류,KOSPI,한국,KRW,[],,069500,091160,50,KRX KSIC 공식 산업분류 (음·식료품 및 담배 소매업),2026-08-26T08:50:42.077439
의료용 기기 제조업,3.KSIC산업,제약바이오,의료용 기기 제조업,제약바이오 / 의료용 기기 제조업,,개별기업주식,국내주식밸류,KOSPI,한국,KRW,[],,069500,091160,50,KRX KSIC 공식 산업분류 (의료용 기기 제조업),2026-08-26T08:50:42.077439
의료용품 및 기타 의약 관련제품 제조업,3.KSIC산업,제약바이오,의료용품 및 기타 의약 관련제품 제조업,제약바이오 / 의료용품 및 기타 의약 관련제품 제조업,,개별기업주식,국내주식밸류,KOSPI,한국,KRW,[],,069500,091160,50,KRX KSIC 공식 산업분류 (의료용품 및 기타 의약 관련제품 제조업),2026-08-26T08:50:42.077439
의복 액세서리 제조업,3.KSIC산업,자유소비재,의복 액세서리 제조업,자유소비재 / 의복 액세서리 제조업,,개별기업주식,국내주식밸류,KOSPI,한국,KRW,[],,069500,091160,50,KRX KSIC 공식 산업분류 (의복 액세서리 제조업),2026-08-26T08:50:42.077439
의약품 제조업,3.KSIC산업,제약바이오,의약품 제조업,제약바이오 / 의약품 제조업,,개별기업주식,국내주식밸류,KOSPI,한국,KRW,[],,069500,244580,50,KRX KSIC 공식 산업분류 (의약품 제조업),2026-08-26T08:50:42.077439
인쇄 및 인쇄관련 산업,3.KSIC산업,제조업,인쇄 및 인쇄관련 산업,제조업 / 인쇄 및 인쇄관련 산업,,개별기업주식,국내주식밸류,KOSPI,한국,KRW,[],,069500,091160,50,KRX KSIC 공식 산업분류 (인쇄 및 인쇄관련 산업),2026-08-26T08:50:42.077439
일반 교습 학원,3.KSIC산업,제조업,일반 교습 학원,제조업 / 일반 교습 학원,,개별기업주식,국내주식밸류,KOSPI,한국,KRW,[],,069500,091160,50,KRX KSIC 공식 산업분류 (일반 교습 학원),2026-08-26T08:50:42.077439
일반 목적용 기계 제조업,3.KSIC산업,산업재,일반 목적용 기계 제조업,산업재 / 일반 목적용 기계 제조업,,개별기업주식,국내주식밸류,KOSPI,한국,KRW,[],,069500,091160,50,KRX KSIC 공식 산업분류 (일반 목적용 기계 제조업),2026-08-26T08:50:42.077439
일반 및 생활 숙박시설 운영업,3.KSIC산업,제조업,일반 및 생활 숙박시설 운영업,제조업 / 일반 및 생활 숙박시설 운영업,,개별기업주식,국내주식밸류,KOSPI,한국,KRW,[],,069500,091160,50,KRX KSIC 공식 산업분류 (일반 및 생활 숙박시설 운영업),2026-08-26T08:50:42.077439
일차전지 및 이차전지 제조업,3.KSIC산업,제조업,일차전지 및 이차전지 제조업,제조업 / 일차전지 및 이차전지 제조업,,개별기업주식,국내주식밸류,KOSPI,한국,KRW,[],,069500,091160,50,KRX KSIC 공식 산업분류 (일차전지 및 이차전지 제조업),2026-08-26T08:50:42.077439
자동차 부품 및 내장품 판매업,3.KSIC산업,운수장비,자동차 부품 및 내장품 판매업,운수장비 / 자동차 부품 및 내장품 판매업,,개별기업주식,국내주식밸류,KOSPI,한국,KRW,[],,069500,091180,50,KRX KSIC 공식 산업분류 (자동차 부품 및 내장품 판매업),2026-08-26T08:50:42.077439
자동차 신품 부품 제조업,3.KSIC산업,운수장비,자동차 신품 부품 제조업,운수장비 / 자동차 신품 부품 제조업,,개별기업주식,국내주식밸류,KOSPI,한국,KRW,[],,069500,091180,50,KRX KSIC 공식 산업분류 (자동차 신품 부품 제조업),2026-08-26T08:50:42.077439
자동차 재제조 부품 제조업,3.KSIC산업,운수장비,자동차 재제조 부품 제조업,운수장비 / 자동차 재제조 부품 제조업,,개별기업주식,국내주식밸류,KOSPI,한국,KRW,[],,069500,091180,50,KRX KSIC 공식 산업분류 (자동차 재제조 부품 제조업),2026-08-26T08:50:42.077439
자동차 차체나 트레일러 제조업,3.KSIC산업,운수장비,자동차 차체나 트레일러 제조업,운수장비 / 자동차 차체나 트레일러 제조업,,개별기업주식,국내주식밸류,KOSPI,한국,KRW,[],,069500,091180,50,KRX KSIC 공식 산업분류 (자동차 차체나 트레일러 제조업),2026-08-26T08:50:42.077439
자동차 판매업,3.KSIC산업,운수장비,자동차 판매업,운수장비 / 자동차 판매업,,개별기업주식,국내주식밸류,KOSPI,한국,KRW,[],,069500,091180,50,KRX KSIC 공식 산업분류 (자동차 판매업),2026-08-26T08:50:42.077439
자동차용 엔진 및 자동차 제조업,3.KSIC산업,운수장비,자동차용 엔진 및 자동차 제조업,운수장비 / 자동차용 엔진 및 자동차 제조업,,개별기업주식,국내주식밸류,KOSPI,한국,KRW,[],,069500,091180,50,KRX KSIC 공식 산업분류 (자동차용 엔진 및 자동차 제조업),2026-08-26T08:50:42.077439
"자료처리, 호스팅, 포털 및 기타 인터넷 정보매개 서비스업",3.KSIC산업,IT서비스,"자료처리, 호스팅, 포털 및 기타 인터넷 정보매개 서비스업","IT서비스 / 자료처리, 호스팅, 포털 및 기타 인터넷 정보매개 서비스업",,개별기업주식,국내주식밸류,KOSPI,한국,KRW,[],,069500,139260,50,"KRX KSIC 공식 산업분류 (자료처리, 호스팅, 포털 및 기타 인터넷 정보매개 서비스업)",2026-08-26T08:50:42.077439
자연과학 및 공학 연구개발업,3.KSIC산업,제조업,자연과학 및 공학 연구개발업,제조업 / 자연과학 및 공학 연구개발업,,개별기업주식,국내주식밸류,KOSPI,한국,KRW,[],,069500,091160,50,KRX KSIC 공식 산업분류 (자연과학 및 공학 연구개발업),2026-08-26T08:50:42.077439
작물 재배업,3.KSIC산업,제조업,작물 재배업,제조업 / 작물 재배업,,개별기업주식,국내주식밸류,KOSPI,한국,KRW,[],,069500,091160,50,KRX KSIC 공식 산업분류 (작물 재배업),2026-08-26T08:50:42.077439
재 보험업,3.KSIC산업,금융,재 보험업,금융 / 재 보험업,,개별기업주식,국내주식밸류,KOSPI,한국,KRW,[],,069500,140700,50,KRX KSIC 공식 산업분류 (재 보험업),2026-08-26T08:50:42.077439
전구 및 조명장치 제조업,3.KSIC산업,제조업,전구 및 조명장치 제조업,제조업 / 전구 및 조명장치 제조업,,개별기업주식,국내주식밸류,KOSPI,한국,KRW,[],,069500,091160,50,KRX KSIC 공식 산업분류 (전구 및 조명장치 제조업),2026-08-26T08:50:42.077439
전기 및 통신 공사업,3.KSIC산업,전기전자,전기 및 통신 공사업,전기전자 / 전기 및 통신 공사업,,개별기업주식,국내주식밸류,KOSPI,한국,KRW,[],,069500,102960,50,KRX KSIC 공식 산업분류 (전기 및 통신 공사업),2026-08-26T08:50:42.077439
전기 통신업,3.KSIC산업,전기전자,전기 통신업,전기전자 / 전기 통신업,,개별기업주식,국내주식밸류,KOSPI,한국,KRW,[],,069500,102960,50,KRX KSIC 공식 산업분류 (전기 통신업),2026-08-26T08:50:42.077439
전기업,3.KSIC산업,전기전자,전기업,전기전자 / 전기업,,개별기업주식,국내주식밸류,KOSPI,한국,KRW,[],,069500,091160,50,KRX KSIC 공식 산업분류 (전기업),2026-08-26T08:50:42.077439
"전동기, 발전기 및 전기 변환 · 공급 · 제어 장치 제조업",3.KSIC산업,전기전자,"전동기, 발전기 및 전기 변환 · 공급 · 제어 장치 제조업","전기전자 / 전동기, 발전기 및 전기 변환 · 공급 · 제어 장치 제조업",,개별기업주식,국내주식밸류,KOSPI,한국,KRW,[],,069500,091160,50,"KRX KSIC 공식 산업분류 (전동기, 발전기 및 전기 변환 · 공급 · 제어 장치 제조업)",2026-08-26T08:50:42.077439
전문디자인업,3.KSIC산업,제조업,전문디자인업,제조업 / 전문디자인업,,개별기업주식,국내주식밸류,KOSPI,한국,KRW,[],,069500,091160,50,KRX KSIC 공식 산업분류 (전문디자인업),2026-08-26T08:50:42.077439
전자부품 제조업,3.KSIC산업,전기전자,전자부품 제조업,전기전자 / 전자부품 제조업,,개별기업주식,국내주식밸류,KOSPI,한국,KRW,[],,069500,455850,50,KRX KSIC 공식 산업분류 (전자부품 제조업),2026-08-26T08:50:42.077439
절연선 및 케이블 제조업,3.KSIC산업,제조업,절연선 및 케이블 제조업,제조업 / 절연선 및 케이블 제조업,,개별기업주식,국내주식밸류,KOSPI,한국,KRW,[],,069500,091160,50,KRX KSIC 공식 산업분류 (절연선 및 케이블 제조업),2026-08-26T08:50:42.077439
제재 및 목재 가공업,3.KSIC산업,제조업,제재 및 목재 가공업,제조업 / 제재 및 목재 가공업,,개별기업주식,국내주식밸류,KOSPI,한국,KRW,[],,069500,091160,50,KRX KSIC 공식 산업분류 (제재 및 목재 가공업),2026-08-26T08:50:42.077439
종합 소매업,3.KSIC산업,제조업,종합 소매업,제조업 / 종합 소매업,,개별기업주식,국내주식밸류,KOSPI,한국,KRW,[],,069500,091160,50,KRX KSIC 공식 산업분류 (종합 소매업),2026-08-26T08:50:42.077439
"증기, 냉·온수 및 공기조절 공급업",3.KSIC산업,제조업,"증기, 냉·온수 및 공기조절 공급업","제조업 / 증기, 냉·온수 및 공기조절 공급업",,개별기업주식,국내주식밸류,KOSPI,한국,KRW,[],,069500,091160,50,"KRX KSIC 공식 산업분류 (증기, 냉·온수 및 공기조절 공급업)",2026-08-26T08:50:42.077439
직물직조 및 직물제품 제조업,3.KSIC산업,제조업,직물직조 및 직물제품 제조업,제조업 / 직물직조 및 직물제품 제조업,,개별기업주식,국내주식밸류,KOSPI,한국,KRW,[],,069500,091160,50,KRX KSIC 공식 산업분류 (직물직조 및 직물제품 제조업),2026-08-26T08:50:42.077439
창작 및 예술관련 서비스업,3.KSIC산업,제조업,창작 및 예술관련 서비스업,제조업 / 창작 및 예술관련 서비스업,,개별기업주식,국내주식밸류,KOSPI,한국,KRW,[],,069500,091160,50,KRX KSIC 공식 산업분류 (창작 및 예술관련 서비스업),2026-08-26T08:50:42.077439
초등 교육기관,3.KSIC산업,제조업,초등 교육기관,제조업 / 초등 교육기관,,개별기업주식,국내주식밸류,KOSPI,한국,KRW,[],,069500,091160,50,KRX KSIC 공식 산업분류 (초등 교육기관),2026-08-26T08:50:42.077439
"측정, 시험, 항해, 제어 및 기타 정밀기기 제조업; 광학기기 제외",3.KSIC산업,제조업,"측정, 시험, 항해, 제어 및 기타 정밀기기 제조업; 광학기기 제외","제조업 / 측정, 시험, 항해, 제어 및 기타 정밀기기 제조업; 광학기기 제외",,개별기업주식,국내주식밸류,KOSPI,한국,KRW,[],,069500,091160,50,"KRX KSIC 공식 산업분류 (측정, 시험, 항해, 제어 및 기타 정밀기기 제조업; 광학기기 제외)",2026-08-26T08:50:42.077439
컴퓨터 및 주변장치 제조업,3.KSIC산업,제조업,컴퓨터 및 주변장치 제조업,제조업 / 컴퓨터 및 주변장치 제조업,,개별기업주식,국내주식밸류,KOSPI,한국,KRW,[],,069500,091160,50,KRX KSIC 공식 산업분류 (컴퓨터 및 주변장치 제조업),2026-08-26T08:50:42.077439
"컴퓨터 프로그래밍, 시스템 통합 및 관리업",3.KSIC산업,제조업,"컴퓨터 프로그래밍, 시스템 통합 및 관리업","제조업 / 컴퓨터 프로그래밍, 시스템 통합 및 관리업",,개별기업주식,국내주식밸류,KOSPI,한국,KRW,[],,069500,091160,50,"KRX KSIC 공식 산업분류 (컴퓨터 프로그래밍, 시스템 통합 및 관리업)",2026-08-26T08:50:42.077439
텔레비전 방송업,3.KSIC산업,제조업,텔레비전 방송업,제조업 / 텔레비전 방송업,,개별기업주식,국내주식밸류,KOSPI,한국,KRW,[],,069500,091160,50,KRX KSIC 공식 산업분류 (텔레비전 방송업),2026-08-26T08:50:42.077439
토목 건설업,3.KSIC산업,제조업,토목 건설업,제조업 / 토목 건설업,,개별기업주식,국내주식밸류,KOSPI,한국,KRW,[],,069500,117700,50,KRX KSIC 공식 산업분류 (토목 건설업),2026-08-26T08:50:42.077439
통신 및 방송 장비 제조업,3.KSIC산업,전기전자,통신 및 방송 장비 제조업,전기전자 / 통신 및 방송 장비 제조업,,개별기업주식,국내주식밸류,KOSPI,한국,KRW,[],,069500,102960,50,KRX KSIC 공식 산업분류 (통신 및 방송 장비 제조업),2026-08-26T08:50:42.077439
특수 목적용 기계 제조업,3.KSIC산업,산업재,특수 목적용 기계 제조업,산업재 / 특수 목적용 기계 제조업,,개별기업주식,국내주식밸류,KOSPI,한국,KRW,[],,069500,091160,50,KRX KSIC 공식 산업분류 (특수 목적용 기계 제조업),2026-08-26T08:50:42.077439
"펄프, 종이 및 판지 제조업",3.KSIC산업,제조업,"펄프, 종이 및 판지 제조업","제조업 / 펄프, 종이 및 판지 제조업",,개별기업주식,국내주식밸류,KOSPI,한국,KRW,[],,069500,091160,50,"KRX KSIC 공식 산업분류 (펄프, 종이 및 판지 제조업)",2026-08-26T08:50:42.077439
편조의복 제조업,3.KSIC산업,자유소비재,편조의복 제조업,자유소비재 / 편조의복 제조업,,개별기업주식,국내주식밸류,KOSPI,한국,KRW,[],,069500,091160,50,KRX KSIC 공식 산업분류 (편조의복 제조업),2026-08-26T08:50:42.077439
폐기물 처리업,3.KSIC산업,제조업,폐기물 처리업,제조업 / 폐기물 처리업,,개별기업주식,국내주식밸류,KOSPI,한국,KRW,[],,069500,091160,50,KRX KSIC 공식 산업분류 (폐기물 처리업),2026-08-26T08:50:42.077439
플라스틱제품 제조업,3.KSIC산업,화학소재,플라스틱제품 제조업,화학소재 / 플라스틱제품 제조업,,개별기업주식,국내주식밸류,KOSPI,한국,KRW,[],,069500,091160,50,KRX KSIC 공식 산업분류 (플라스틱제품 제조업),2026-08-26T08:50:42.077439
합성고무 및 플라스틱 물질 제조업,3.KSIC산업,화학소재,합성고무 및 플라스틱 물질 제조업,화학소재 / 합성고무 및 플라스틱 물질 제조업,,개별기업주식,국내주식밸류,KOSPI,한국,KRW,[],,069500,091160,50,KRX KSIC 공식 산업분류 (합성고무 및 플라스틱 물질 제조업),2026-08-26T08:50:42.077439
항공 여객 운송업,3.KSIC산업,운수장비,항공 여객 운송업,운수장비 / 항공 여객 운송업,,개별기업주식,국내주식밸류,KOSPI,한국,KRW,[],,069500,228800,50,KRX KSIC 공식 산업분류 (항공 여객 운송업),2026-08-26T08:50:42.077439
"항공기,우주선 및 부품 제조업",3.KSIC산업,운수장비,"항공기,우주선 및 부품 제조업","운수장비 / 항공기,우주선 및 부품 제조업",,개별기업주식,국내주식밸류,KOSPI,한국,KRW,[],,069500,228800,50,"KRX KSIC 공식 산업분류 (항공기,우주선 및 부품 제조업)",2026-08-26T08:50:42.077439
해상 운송업,3.KSIC산업,운수장비,해상 운송업,운수장비 / 해상 운송업,,개별기업주식,국내주식밸류,KOSPI,한국,KRW,[],,069500,228800,50,KRX KSIC 공식 산업분류 (해상 운송업),2026-08-26T08:50:42.077439
"해체, 선별 및 원료 재생업",3.KSIC산업,제조업,"해체, 선별 및 원료 재생업","제조업 / 해체, 선별 및 원료 재생업",,개별기업주식,국내주식밸류,KOSPI,한국,KRW,[],,069500,091160,50,"KRX KSIC 공식 산업분류 (해체, 선별 및 원료 재생업)",2026-08-26T08:50:42.077439
화학섬유 제조업,3.KSIC산업,화학소재,화학섬유 제조업,화학소재 / 화학섬유 제조업,,개별기업주식,국내주식밸류,KOSPI,한국,KRW,[],,069500,117460,50,KRX KSIC 공식 산업분류 (화학섬유 제조업),2026-08-26T08:50:42.077439
회사 본부 및 경영 컨설팅 서비스업,3.KSIC산업,제조업,회사 본부 및 경영 컨설팅 서비스업,제조업 / 회사 본부 및 경영 컨설팅 서비스업,,개별기업주식,국내주식밸류,KOSPI,한국,KRW,[],,069500,091160,50,KRX KSIC 공식 산업분류 (회사 본부 및 경영 컨설팅 서비스업),2026-08-26T08:50:42.077439
Information Technology,4.GICS산업,IT,전자기술소프트웨어,IT,,개별기업주식,글로벌성장주,NASDAQ,미국,USD,[],,QQQ,XLK,50,GICS 공식 글로벌 분류 (Information Technology),2026-08-26T08:50:42.077439
Semiconductors,4.GICS산업,IT,AI반도체,IT / AI반도체,,개별기업주식,글로벌성장주,NASDAQ,미국,USD,[],,QQQ,SOXX,50,GICS 공식 글로벌 분류 (Semiconductors),2026-08-26T08:50:42.077439
Semiconductor Equipment & Materials,4.GICS산업,IT,반도체소부장,IT / 반도체소부장,,개별기업주식,글로벌성장주,NASDAQ,미국,USD,[],,QQQ,SOXX,50,GICS 공식 글로벌 분류 (Semiconductor Equipment & Materials),2026-08-26T08:50:42.077439
Semiconductors & Semiconductor Equipment,4.GICS산업,IT,반도체소부장,IT / 반도체소부장,,개별기업주식,글로벌성장주,NASDAQ,미국,USD,[],,QQQ,SOXX,50,GICS 공식 글로벌 분류 (Semiconductors & Semiconductor Equipment),2026-08-26T08:50:42.077439
Software—Infrastructure,4.GICS산업,IT,클라우드소프트웨어,IT / 클라우드소프트웨어,,개별기업주식,글로벌성장주,NASDAQ,미국,USD,[],,QQQ,IGV,50,GICS 공식 글로벌 분류 (Software—Infrastructure),2026-08-26T08:50:42.077439
Software—Application,4.GICS산업,IT,응용소프트웨어,IT / 응용소프트웨어,,개별기업주식,글로벌성장주,NASDAQ,미국,USD,[],,QQQ,IGV,50,GICS 공식 글로벌 분류 (Software—Application),2026-08-26T08:50:42.077439
Software - Infrastructure,4.GICS산업,IT,클라우드소프트웨어,IT / 클라우드소프트웨어,,개별기업주식,글로벌성장주,NASDAQ,미국,USD,[],,QQQ,IGV,50,GICS 공식 글로벌 분류 (Software - Infrastructure),2026-08-26T08:50:42.077439
Software - Application,4.GICS산업,IT,응용소프트웨어,IT / 응용소프트웨어,,개별기업주식,글로벌성장주,NASDAQ,미국,USD,[],,QQQ,IGV,50,GICS 공식 글로벌 분류 (Software - Application),2026-08-26T08:50:42.077439
"Technology Hardware, Storage & Peripherals",4.GICS산업,IT,빅테크하드웨어,IT / 빅테크하드웨어,,개별기업주식,글로벌성장주,NASDAQ,미국,USD,[],,QQQ,XLK,50,"GICS 공식 글로벌 분류 (Technology Hardware, Storage & Peripherals)",2026-08-26T08:50:42.077439
Consumer Electronics,4.GICS산업,IT,빅테크디바이스,IT / 빅테크디바이스,,개별기업주식,글로벌성장주,NASDAQ,미국,USD,[],,QQQ,XLK,50,GICS 공식 글로벌 분류 (Consumer Electronics),2026-08-26T08:50:42.077439
Electronic Components,4.GICS산업,IT,전자부품·소재,IT / 전자부품·소재,,개별기업주식,글로벌성장주,NASDAQ,미국,USD,[],,QQQ,XLK,50,GICS 공식 글로벌 분류 (Electronic Components),2026-08-26T08:50:42.077439
Internet Content & Information,4.GICS산업,통신미디어,인터넷플랫폼,통신미디어 / 인터넷플랫폼,,개별기업주식,글로벌성장주,NASDAQ,미국,USD,[],,QQQ,XLC,50,GICS 공식 글로벌 분류 (Internet Content & Information),2026-08-26T08:50:42.077439
Biotechnology,4.GICS산업,제약바이오,바이오텍,제약바이오 / 바이오텍,,개별기업주식,글로벌성장주,NASDAQ,미국,USD,[],,SPY,XBI,50,GICS 공식 글로벌 분류 (Biotechnology),2026-08-26T08:50:42.077439
Drug Manufacturers—General,4.GICS산업,제약바이오,글로벌제약,제약바이오 / 글로벌제약,,개별기업주식,글로벌성장주,NASDAQ,미국,USD,[],,SPY,XLV,50,GICS 공식 글로벌 분류 (Drug Manufacturers—General),2026-08-26T08:50:42.077439
Pharmaceuticals,4.GICS산업,제약바이오,글로벌제약,제약바이오 / 글로벌제약,,개별기업주식,글로벌성장주,NASDAQ,미국,USD,[],,SPY,XLV,50,GICS 공식 글로벌 분류 (Pharmaceuticals),2026-08-26T08:50:42.077439
Health Care,4.GICS산업,제약바이오,글로벌헬스케어,제약바이오 / 글로벌헬스케어,,개별기업주식,글로벌성장주,NASDAQ,미국,USD,[],,SPY,XLV,50,GICS 공식 글로벌 분류 (Health Care),2026-08-26T08:50:42.077439
Automobile Manufacturers,4.GICS산업,자유소비재,전기차완성차,자유소비재 / 전기차완성차,,개별기업주식,글로벌성장주,NASDAQ,미국,USD,[],,QQQ,XLY,50,GICS 공식 글로벌 분류 (Automobile Manufacturers),2026-08-26T08:50:42.077439
Auto Manufacturers,4.GICS산업,자유소비재,전기차완성차,자유소비재 / 전기차완성차,,개별기업주식,글로벌성장주,NASDAQ,미국,USD,[],,QQQ,XLY,50,GICS 공식 글로벌 분류 (Auto Manufacturers),2026-08-26T08:50:42.077439
Aerospace & Defense,4.GICS산업,산업재,우주항공방산,산업재 / 우주항공방산,,개별기업주식,글로벌성장주,NASDAQ,미국,USD,[],,SPY,XAR,50,GICS 공식 글로벌 분류 (Aerospace & Defense),2026-08-26T08:50:42.077439
Specialty Industrial Machinery,4.GICS산업,산업재,로봇·자동화,산업재 / 로봇·자동화,,개별기업주식,글로벌성장주,NASDAQ,미국,USD,[],,SPY,BOTZ,50,GICS 공식 글로벌 분류 (Specialty Industrial Machinery),2026-08-26T08:50:42.077439
Electrical Equipment & Parts,4.GICS산업,산업재,전력기기·자동화,산업재 / 전력기기·자동화,,개별기업주식,글로벌성장주,NASDAQ,미국,USD,[],,SPY,XLI,50,GICS 공식 글로벌 분류 (Electrical Equipment & Parts),2026-08-26T08:50:42.077439
Banks—Diversified,4.GICS산업,금융,글로벌은행,금융 / 글로벌은행,,개별기업주식,글로벌성장주,NASDAQ,미국,USD,[],,SPY,XLF,50,GICS 공식 글로벌 분류 (Banks—Diversified),2026-08-26T08:50:42.077439
Oil & Gas Integrated,4.GICS산업,에너지,정유에너지,에너지 / 정유에너지,,개별기업주식,글로벌성장주,NASDAQ,미국,USD,[],,SPY,XLE,50,GICS 공식 글로벌 분류 (Oil & Gas Integrated),2026-08-26T08:50:42.077439
Inspec,6. 종목지정,,,,Inspec,,,TSE,일본,,[],6656.T,,,50,,2026-08-25T13:14:29.439463
Inspec Inc,6. 종목지정,,,,Inspec,,,TSE,일본,,[],6656.T,,,50,,2026-08-25T13:14:29.439463
Murata,6. 종목지정,,,,Murata,,,TSE,일본,,[],6981.T,,,50,,2026-08-25T13:14:29.439463
MURATA MFG,6. 종목지정,,,,Murata,,,TSE,일본,,[],6981.T,,,50,,2026-08-25T13:14:29.439463
Murata Manufacturing,6. 종목지정,,,,Murata,,,TSE,일본,,[],6981.T,,,50,,2026-08-25T13:14:29.439463
Ibiden,6. 종목지정,,,,Ibiden,,,TSE,일본,,[],4062.T,,,50,,2026-08-25T13:14:29.439463
IBIDEN CO LTD,6. 종목지정,,,,Ibiden,,,TSE,일본,,[],4062.T,,,50,,2026-08-25T13:14:29.439463
Kioxia,6. 종목지정,,,,Kioxia,,,TSE,일본,,[],285A.T,,,50,,2026-08-25T13:14:29.439463
Kioxia Holdings,6. 종목지정,,,,Kioxia,,,TSE,일본,,[],285A.T,,,50,,2026-08-25T13:14:29.439463
Lasertec,6. 종목지정,,,,Lasertec,,,TSE,일본,,[],6920.T,,,50,,2026-08-25T13:14:29.439463
Lasertec Corp,6. 종목지정,,,,Lasertec,,,TSE,일본,,[],6920.T,,,50,,2026-08-25T13:14:29.439463
Kokusai Electric,6. 종목지정,,,,Kokusai Electric,,,TSE,일본,,[],6525.T,,,50,,2026-08-25T13:14:29.439463
Kokusai Electric Corp,6. 종목지정,,,,Kokusai Electric,,,TSE,일본,,[],6525.T,,,50,,2026-08-25T13:14:29.439463
Tokyo Electron,6. 종목지정,,,,Tokyo Electron,,,TSE,일본,,[],8035.T,,,50,,2026-08-25T13:14:29.439463
Tokyo Electron Ltd,6. 종목지정,,,,Tokyo Electron,,,TSE,일본,,[],8035.T,,,50,,2026-08-25T13:14:29.439463
Micronics Japan,6. 종목지정,,,,Micronics Japan,,,TSE,일본,,[],6871.T,,,50,,2026-08-25T13:14:29.439463
Micronics Japan Co Ltd,6. 종목지정,,,,Micronics Japan,,,TSE,일본,,[],6871.T,,,50,,2026-08-25T13:14:29.439463
Advantest,6. 종목지정,,,,Advantest,,,TSE,일본,,[],6857.T,,,50,,2026-08-25T13:14:29.439463
Advantest Corp,6. 종목지정,,,,Advantest,,,TSE,일본,,[],6857.T,,,50,,2026-08-25T13:14:29.439463
Disco,6. 종목지정,,,,Disco,,,TSE,일본,,[],6146.T,,,50,,2026-08-25T13:14:29.439463
Disco Corp,6. 종목지정,,,,Disco,,,TSE,일본,,[],6146.T,,,50,,2026-08-25T13:14:29.439463
Screen Holdings,6. 종목지정,,,,Screen Holdings,,,TSE,일본,,[],7735.T,,,50,,2026-08-25T13:14:29.439463
Tokyo Seimitsu,6. 종목지정,,,,Tokyo Seimitsu,,,TSE,일본,,[],7729.T,,,50,,2026-08-25T13:14:29.439463
Renesas,6. 종목지정,,,,Renesas,,,TSE,일본,,[],6723.T,,,50,,2026-08-25T13:14:29.439463
Shin-Etsu Chemical,6. 종목지정,,,,Shin-Etsu Chemical,,,TSE,일본,,[],4063.T,,,50,,2026-08-25T13:14:29.439463
SUMCO,6. 종목지정,,,,SUMCO,,,TSE,일본,,[],3436.T,,,50,,2026-08-25T13:14:29.439463
HOYA,6. 종목지정,,,,HOYA,,,TSE,일본,,[],7741.T,,,50,,2026-08-25T13:14:29.439463
Keyence,6. 종목지정,,,,Keyence,,,TSE,일본,,[],6861.T,,,50,,2026-08-25T13:14:29.439463
2018 신규 상장주,1.한국테마,제조업,2018 신규 상장주,제조업 / 2018 신규 상장주,,개별기업주식,국내주식밸류,KOSPI,한국,KRW,[],,069500,091160,30,한투 공식 테마 (2018 신규 상장주),2026-08-26T08:50:42.077439
2019 신규 상장주,1.한국테마,제조업,2019 신규 상장주,제조업 / 2019 신규 상장주,,개별기업주식,국내주식밸류,KOSPI,한국,KRW,[],,069500,091160,30,한투 공식 테마 (2019 신규 상장주),2026-08-26T08:50:42.077439
2020 신규 상장주,1.한국테마,제조업,2020 신규 상장주,제조업 / 2020 신규 상장주,,개별기업주식,국내주식밸류,KOSPI,한국,KRW,[],,069500,091160,30,한투 공식 테마 (2020 신규 상장주),2026-08-26T08:50:42.077439
2021 신규 상장주,1.한국테마,제조업,2021 신규 상장주,제조업 / 2021 신규 상장주,,개별기업주식,국내주식밸류,KOSPI,한국,KRW,[],,069500,091160,30,한투 공식 테마 (2021 신규 상장주),2026-08-26T08:50:42.077439
2022 신규 상장주,1.한국테마,제조업,2022 신규 상장주,제조업 / 2022 신규 상장주,,개별기업주식,국내주식밸류,KOSPI,한국,KRW,[],,069500,091160,30,한투 공식 테마 (2022 신규 상장주),2026-08-26T08:50:42.077439
2023 신규 상장주,1.한국테마,제조업,2023 신규 상장주,제조업 / 2023 신규 상장주,,개별기업주식,국내주식밸류,KOSPI,한국,KRW,[],,069500,091160,30,한투 공식 테마 (2023 신규 상장주),2026-08-26T08:50:42.077439
2024 신규 상장주,1.한국테마,제조업,2024 신규 상장주,제조업 / 2024 신규 상장주,,개별기업주식,국내주식밸류,KOSPI,한국,KRW,[],,069500,091160,30,한투 공식 테마 (2024 신규 상장주),2026-08-26T08:50:42.077439
2차전지,1.한국테마,2차전지,2차전지,2차전지 / 2차전지,,개별기업주식,국내주식밸류,KOSPI,한국,KRW,[],,069500,305540,30,한투 공식 테마 (2차전지),2026-08-26T08:50:42.077439
"2차전지(LEP,리튬인산철)",1.한국테마,2차전지,"2차전지(LEP,리튬인산철)","2차전지 / 2차전지(LEP,리튬인산철)",,개별기업주식,국내주식밸류,KOSPI,한국,KRW,[],,069500,305540,30,"한투 공식 테마 (2차전지(LEP,리튬인산철))",2026-08-26T08:50:42.077439
2차전지(생산),1.한국테마,2차전지,2차전지(생산),2차전지 / 2차전지(생산),,개별기업주식,국내주식밸류,KOSPI,한국,KRW,[],,069500,305540,30,한투 공식 테마 (2차전지(생산)),2026-08-26T08:50:42.077439
"2차전지(소재,부품,장비)",1.한국테마,2차전지,"2차전지(소재,부품,장비)","2차전지 / 2차전지(소재,부품,장비)",,개별기업주식,국내주식밸류,KOSPI,한국,KRW,[],,069500,305540,30,"한투 공식 테마 (2차전지(소재,부품,장비))",2026-08-26T08:50:42.077439
3D,1.한국테마,제조업,3D,제조업 / 3D,,개별기업주식,국내주식밸류,KOSPI,한국,KRW,[],,069500,091160,30,한투 공식 테마 (3D),2026-08-26T08:50:42.077439
3D낸드,1.한국테마,제조업,3D낸드,제조업 / 3D낸드,,개별기업주식,국내주식밸류,KOSPI,한국,KRW,[],,069500,396500,30,한투 공식 테마 (3D낸드),2026-08-26T08:50:42.077439
3D프린터,1.한국테마,제조업,3D프린터,제조업 / 3D프린터,,개별기업주식,국내주식밸류,KOSPI,한국,KRW,[],,069500,091160,30,한투 공식 테마 (3D프린터),2026-08-26T08:50:42.077439
5G,1.한국테마,제조업,5G,제조업 / 5G,,개별기업주식,국내주식밸류,KOSPI,한국,KRW,[],,069500,091160,30,한투 공식 테마 (5G),2026-08-26T08:50:42.077439
AMOLED,1.한국테마,제조업,AMOLED,제조업 / AMOLED,,개별기업주식,국내주식밸류,KOSPI,한국,KRW,[],,069500,091160,30,한투 공식 테마 (AMOLED),2026-08-26T08:50:42.077439
"AR,VR",1.한국테마,제조업,"AR,VR","제조업 / AR,VR",,개별기업주식,국내주식밸류,KOSPI,한국,KRW,[],,069500,091160,30,"한투 공식 테마 (AR,VR)",2026-08-26T08:50:42.077439
CXL,1.한국테마,전기전자,CXL,전기전자 / CXL,,개별기업주식,국내주식밸류,KOSPI,한국,KRW,[],,069500,396500,30,한투 공식 테마 (CXL),2026-08-26T08:50:42.077439
DMZ 세계평화공원,1.한국테마,제조업,DMZ 세계평화공원,제조업 / DMZ 세계평화공원,,개별기업주식,국내주식밸류,KOSPI,한국,KRW,[],,069500,091160,30,한투 공식 테마 (DMZ 세계평화공원),2026-08-26T08:50:42.077439
ESS,1.한국테마,제조업,ESS,제조업 / ESS,,개별기업주식,국내주식밸류,KOSPI,한국,KRW,[],,069500,091160,30,한투 공식 테마 (ESS),2026-08-26T08:50:42.077439
FPCB,1.한국테마,전기전자,FPCB,전기전자 / FPCB,,개별기업주식,국내주식밸류,KOSPI,한국,KRW,[],,069500,091160,30,한투 공식 테마 (FPCB),2026-08-26T08:50:42.077439
GTX(수도권 광역급행철도),1.한국테마,제조업,GTX(수도권 광역급행철도),제조업 / GTX(수도권 광역급행철도),,개별기업주식,국내주식밸류,KOSPI,한국,KRW,[],,069500,091160,30,한투 공식 테마 (GTX(수도권 광역급행철도)),2026-08-26T08:50:42.077439
HBM,1.한국테마,전기전자,HBM,전기전자 / HBM,,개별기업주식,국내주식밸류,KOSPI,한국,KRW,[],,069500,396500,30,한투 공식 테마 (HBM),2026-08-26T08:50:42.077439
IPTV,1.한국테마,제조업,IPTV,제조업 / IPTV,,개별기업주식,국내주식밸류,KOSPI,한국,KRW,[],,069500,091160,30,한투 공식 테마 (IPTV),2026-08-26T08:50:42.077439
LCD,1.한국테마,제조업,LCD,제조업 / LCD,,개별기업주식,국내주식밸류,KOSPI,한국,KRW,[],,069500,091160,30,한투 공식 테마 (LCD),2026-08-26T08:50:42.077439
LED,1.한국테마,제조업,LED,제조업 / LED,,개별기업주식,국내주식밸류,KOSPI,한국,KRW,[],,069500,091160,30,한투 공식 테마 (LED),2026-08-26T08:50:42.077439
LED장비,1.한국테마,제조업,LED장비,제조업 / LED장비,,개별기업주식,국내주식밸류,KOSPI,한국,KRW,[],,069500,091160,30,한투 공식 테마 (LED장비),2026-08-26T08:50:42.077439
LNG,1.한국테마,제조업,LNG,제조업 / LNG,,개별기업주식,국내주식밸류,KOSPI,한국,KRW,[],,069500,091160,30,한투 공식 테마 (LNG),2026-08-26T08:50:42.077439
LPG,1.한국테마,제조업,LPG,제조업 / LPG,,개별기업주식,국내주식밸류,KOSPI,한국,KRW,[],,069500,091160,30,한투 공식 테마 (LPG),2026-08-26T08:50:42.077439
MLCC,1.한국테마,제조업,MLCC,제조업 / MLCC,,개별기업주식,국내주식밸류,KOSPI,한국,KRW,[],,069500,091160,30,한투 공식 테마 (MLCC),2026-08-26T08:50:42.077439
NFT,1.한국테마,제조업,NFT,제조업 / NFT,,개별기업주식,국내주식밸류,KOSPI,한국,KRW,[],,069500,091160,30,한투 공식 테마 (NFT),2026-08-26T08:50:42.077439
OLED,1.한국테마,제조업,OLED,제조업 / OLED,,개별기업주식,국내주식밸류,KOSPI,한국,KRW,[],,069500,091160,30,한투 공식 테마 (OLED),2026-08-26T08:50:42.077439
P2E,1.한국테마,제조업,P2E,제조업 / P2E,,개별기업주식,국내주식밸류,KOSPI,한국,KRW,[],,069500,091160,30,한투 공식 테마 (P2E),2026-08-26T08:50:42.077439
PC/주변기기,1.한국테마,제조업,PC/주변기기,제조업 / PC/주변기기,,개별기업주식,국내주식밸류,KOSPI,한국,KRW,[],,069500,091160,30,한투 공식 테마 (PC/주변기기),2026-08-26T08:50:42.077439
PCB,1.한국테마,전기전자,PCB,전기전자 / PCB,,개별기업주식,국내주식밸류,KOSPI,한국,KRW,[],,069500,091160,30,한투 공식 테마 (PCB),2026-08-26T08:50:42.077439
SI,1.한국테마,제조업,SI,제조업 / SI,,개별기업주식,국내주식밸류,KOSPI,한국,KRW,[],,069500,139260,30,한투 공식 테마 (SI),2026-08-26T08:50:42.077439
"SI, AI, ASF, 광우병",1.한국테마,IT서비스,"SI, AI, ASF, 광우병","IT서비스 / SI, AI, ASF, 광우병",,개별기업주식,국내주식밸류,KOSPI,한국,KRW,[],,069500,139260,30,"한투 공식 테마 (SI, AI, ASF, 광우병)",2026-08-26T08:50:42.077439
SNS,1.한국테마,제조업,SNS,제조업 / SNS,,개별기업주식,국내주식밸류,KOSPI,한국,KRW,[],,069500,091160,30,한투 공식 테마 (SNS),2026-08-26T08:50:42.077439
SSD,1.한국테마,제조업,SSD,제조업 / SSD,,개별기업주식,국내주식밸류,KOSPI,한국,KRW,[],,069500,091160,30,한투 공식 테마 (SSD),2026-08-26T08:50:42.077439
T-50고등훈련기,1.한국테마,제조업,T-50고등훈련기,제조업 / T-50고등훈련기,,개별기업주식,국내주식밸류,KOSPI,한국,KRW,[],,069500,091160,30,한투 공식 테마 (T-50고등훈련기),2026-08-26T08:50:42.077439
TFT-LCD BLU 제조,1.한국테마,제조업,TFT-LCD BLU 제조,제조업 / TFT-LCD BLU 제조,,개별기업주식,국내주식밸류,KOSPI,한국,KRW,[],,069500,091160,30,한투 공식 테마 (TFT-LCD BLU 제조),2026-08-26T08:50:42.077439
TFT-LCD 부품,1.한국테마,제조업,TFT-LCD 부품,제조업 / TFT-LCD 부품,,개별기업주식,국내주식밸류,KOSPI,한국,KRW,[],,069500,305540,30,한투 공식 테마 (TFT-LCD 부품),2026-08-26T08:50:42.077439
TFT-LCD 장비,1.한국테마,제조업,TFT-LCD 장비,제조업 / TFT-LCD 장비,,개별기업주식,국내주식밸류,KOSPI,한국,KRW,[],,069500,091160,30,한투 공식 테마 (TFT-LCD 장비),2026-08-26T08:50:42.077439
UAM,1.한국테마,제조업,UAM,제조업 / UAM,,개별기업주식,국내주식밸류,KOSPI,한국,KRW,[],,069500,091160,30,한투 공식 테마 (UAM),2026-08-26T08:50:42.077439
mRNA(메신저리보핵산),1.한국테마,제약바이오,mRNA(메신저리보핵산),제약바이오 / mRNA(메신저리보핵산),,개별기업주식,국내주식밸류,KOSPI,한국,KRW,[],,069500,091160,30,한투 공식 테마 (mRNA(메신저리보핵산)),2026-08-26T08:50:42.077439
가상화폐,1.한국테마,제조업,가상화폐,제조업 / 가상화폐,,개별기업주식,국내주식밸류,KOSPI,한국,KRW,[],,069500,091160,30,한투 공식 테마 (가상화폐),2026-08-26T08:50:42.077439
가스하이드레이트,1.한국테마,에너지인프라,가스하이드레이트,에너지인프라 / 가스하이드레이트,,개별기업주식,국내주식밸류,KOSPI,한국,KRW,[],,069500,117460,30,한투 공식 테마 (가스하이드레이트),2026-08-26T08:50:42.077439
가정간편식,1.한국테마,제조업,가정간편식,제조업 / 가정간편식,,개별기업주식,국내주식밸류,KOSPI,한국,KRW,[],,069500,091160,30,한투 공식 테마 (가정간편식),2026-08-26T08:50:42.077439
강관업체,1.한국테마,제조업,강관업체,제조업 / 강관업체,,개별기업주식,국내주식밸류,KOSPI,한국,KRW,[],,069500,139240,30,한투 공식 테마 (강관업체),2026-08-26T08:50:42.077439
개성공단,1.한국테마,제조업,개성공단,제조업 / 개성공단,,개별기업주식,국내주식밸류,KOSPI,한국,KRW,[],,069500,091160,30,한투 공식 테마 (개성공단),2026-08-26T08:50:42.077439
갤럭시부품,1.한국테마,제조업,갤럭시부품,제조업 / 갤럭시부품,,개별기업주식,국내주식밸류,KOSPI,한국,KRW,[],,069500,305540,30,한투 공식 테마 (갤럭시부품),2026-08-26T08:50:42.077439
건강기능식품,1.한국테마,필수소비재,건강기능식품,필수소비재 / 건강기능식품,,개별기업주식,국내주식밸류,KOSPI,한국,KRW,[],,069500,091160,30,한투 공식 테마 (건강기능식품),2026-08-26T08:50:42.077439
건설기계,1.한국테마,산업재,건설기계,산업재 / 건설기계,,개별기업주식,국내주식밸류,KOSPI,한국,KRW,[],,069500,117700,30,한투 공식 테마 (건설기계),2026-08-26T08:50:42.077439
건설사,1.한국테마,제조업,건설사,제조업 / 건설사,,개별기업주식,국내주식밸류,KOSPI,한국,KRW,[],,069500,117700,30,한투 공식 테마 (건설사),2026-08-26T08:50:42.077439
건설사(대형),1.한국테마,제조업,건설사(대형),제조업 / 건설사(대형),,개별기업주식,국내주식밸류,KOSPI,한국,KRW,[],,069500,117700,30,한투 공식 테마 (건설사(대형)),2026-08-26T08:50:42.077439
건자재,1.한국테마,제조업,건자재,제조업 / 건자재,,개별기업주식,국내주식밸류,KOSPI,한국,KRW,[],,069500,117700,30,한투 공식 테마 (건자재),2026-08-26T08:50:42.077439
건축/인테리어,1.한국테마,제조업,건축/인테리어,제조업 / 건축/인테리어,,개별기업주식,국내주식밸류,KOSPI,한국,KRW,[],,069500,117700,30,한투 공식 테마 (건축/인테리어),2026-08-26T08:50:42.077439
게임,1.한국테마,IT서비스,게임,IT서비스 / 게임,,개별기업주식,국내주식밸류,KOSPI,한국,KRW,[],,069500,139260,30,한투 공식 테마 (게임),2026-08-26T08:50:42.077439
고령화사회,1.한국테마,제조업,고령화사회,제조업 / 고령화사회,,개별기업주식,국내주식밸류,KOSPI,한국,KRW,[],,069500,091160,30,한투 공식 테마 (고령화사회),2026-08-26T08:50:42.077439
골프용품/의류,1.한국테마,제조업,골프용품/의류,제조업 / 골프용품/의류,,개별기업주식,국내주식밸류,KOSPI,한국,KRW,[],,069500,091160,30,한투 공식 테마 (골프용품/의류),2026-08-26T08:50:42.077439
공기청정기,1.한국테마,제조업,공기청정기,제조업 / 공기청정기,,개별기업주식,국내주식밸류,KOSPI,한국,KRW,[],,069500,091160,30,한투 공식 테마 (공기청정기),2026-08-26T08:50:42.077439
공작기계,1.한국테마,산업재,공작기계,산업재 / 공작기계,,개별기업주식,국내주식밸류,KOSPI,한국,KRW,[],,069500,091160,30,한투 공식 테마 (공작기계),2026-08-26T08:50:42.077439
관이음쇠,1.한국테마,제조업,관이음쇠,제조업 / 관이음쇠,,개별기업주식,국내주식밸류,KOSPI,한국,KRW,[],,069500,091160,30,한투 공식 테마 (관이음쇠),2026-08-26T08:50:42.077439
광고,1.한국테마,제조업,광고,제조업 / 광고,,개별기업주식,국내주식밸류,KOSPI,한국,KRW,[],,069500,091160,30,한투 공식 테마 (광고),2026-08-26T08:50:42.077439
광통신,1.한국테마,제조업,광통신,제조업 / 광통신,,개별기업주식,국내주식밸류,KOSPI,한국,KRW,[],,069500,102960,30,한투 공식 테마 (광통신),2026-08-26T08:50:42.077439
교육,1.한국테마,제조업,교육,제조업 / 교육,,개별기업주식,국내주식밸류,KOSPI,한국,KRW,[],,069500,091160,30,한투 공식 테마 (교육),2026-08-26T08:50:42.077439
구리,1.한국테마,제조업,구리,제조업 / 구리,,개별기업주식,국내주식밸류,KOSPI,한국,KRW,[],,069500,091160,30,한투 공식 테마 (구리),2026-08-26T08:50:42.077439
구충제,1.한국테마,제조업,구충제,제조업 / 구충제,,개별기업주식,국내주식밸류,KOSPI,한국,KRW,[],,069500,091160,30,한투 공식 테마 (구충제),2026-08-26T08:50:42.077439
국가재난,1.한국테마,제조업,국가재난,제조업 / 국가재난,,개별기업주식,국내주식밸류,KOSPI,한국,KRW,[],,069500,091160,30,한투 공식 테마 (국가재난),2026-08-26T08:50:42.077439
그래핀,1.한국테마,제조업,그래핀,제조업 / 그래핀,,개별기업주식,국내주식밸류,KOSPI,한국,KRW,[],,069500,091160,30,한투 공식 테마 (그래핀),2026-08-26T08:50:42.077439
그린홈,1.한국테마,제조업,그린홈,제조업 / 그린홈,,개별기업주식,국내주식밸류,KOSPI,한국,KRW,[],,069500,091160,30,한투 공식 테마 (그린홈),2026-08-26T08:50:42.077439
근거리통신망,1.한국테마,제조업,근거리통신망,제조업 / 근거리통신망,,개별기업주식,국내주식밸류,KOSPI,한국,KRW,[],,069500,102960,30,한투 공식 테마 (근거리통신망),2026-08-26T08:50:42.077439
급속충전,1.한국테마,제조업,급속충전,제조업 / 급속충전,,개별기업주식,국내주식밸류,KOSPI,한국,KRW,[],,069500,091160,30,한투 공식 테마 (급속충전),2026-08-26T08:50:42.077439
기계,1.한국테마,산업재,기계,산업재 / 기계,,개별기업주식,국내주식밸류,KOSPI,한국,KRW,[],,069500,091160,30,한투 공식 테마 (기계),2026-08-26T08:50:42.077439
난방기,1.한국테마,제조업,난방기,제조업 / 난방기,,개별기업주식,국내주식밸류,KOSPI,한국,KRW,[],,069500,091160,30,한투 공식 테마 (난방기),2026-08-26T08:50:42.077439
남-북-러 가스관사업,1.한국테마,에너지인프라,남-북-러 가스관사업,에너지인프라 / 남-북-러 가스관사업,,개별기업주식,국내주식밸류,KOSPI,한국,KRW,[],,069500,117460,30,한투 공식 테마 (남-북-러 가스관사업),2026-08-26T08:50:42.077439
남북경협,1.한국테마,제조업,남북경협,제조업 / 남북경협,,개별기업주식,국내주식밸류,KOSPI,한국,KRW,[],,069500,091160,30,한투 공식 테마 (남북경협),2026-08-26T08:50:42.077439
내비게이션,1.한국테마,제조업,내비게이션,제조업 / 내비게이션,,개별기업주식,국내주식밸류,KOSPI,한국,KRW,[],,069500,091160,30,한투 공식 테마 (내비게이션),2026-08-26T08:50:42.077439
냉방기,1.한국테마,제조업,냉방기,제조업 / 냉방기,,개별기업주식,국내주식밸류,KOSPI,한국,KRW,[],,069500,091160,30,한투 공식 테마 (냉방기),2026-08-26T08:50:42.077439
네트워크장비,1.한국테마,제조업,네트워크장비,제조업 / 네트워크장비,,개별기업주식,국내주식밸류,KOSPI,한국,KRW,[],,069500,091160,30,한투 공식 테마 (네트워크장비),2026-08-26T08:50:42.077439
농업,1.한국테마,제조업,농업,제조업 / 농업,,개별기업주식,국내주식밸류,KOSPI,한국,KRW,[],,069500,091160,30,한투 공식 테마 (농업),2026-08-26T08:50:42.077439
뇌질환,1.한국테마,제조업,뇌질환,제조업 / 뇌질환,,개별기업주식,국내주식밸류,KOSPI,한국,KRW,[],,069500,091160,30,한투 공식 테마 (뇌질환),2026-08-26T08:50:42.077439
니켈,1.한국테마,제조업,니켈,제조업 / 니켈,,개별기업주식,국내주식밸류,KOSPI,한국,KRW,[],,069500,091160,30,한투 공식 테마 (니켈),2026-08-26T08:50:42.077439
닭고기,1.한국테마,제조업,닭고기,제조업 / 닭고기,,개별기업주식,국내주식밸류,KOSPI,한국,KRW,[],,069500,091160,30,한투 공식 테마 (닭고기),2026-08-26T08:50:42.077439
대체에너지,1.한국테마,제조업,대체에너지,제조업 / 대체에너지,,개별기업주식,국내주식밸류,KOSPI,한국,KRW,[],,069500,117460,30,한투 공식 테마 (대체에너지),2026-08-26T08:50:42.077439
대체육,1.한국테마,제조업,대체육,제조업 / 대체육,,개별기업주식,국내주식밸류,KOSPI,한국,KRW,[],,069500,091160,30,한투 공식 테마 (대체육),2026-08-26T08:50:42.077439
데크플레이트,1.한국테마,제조업,데크플레이트,제조업 / 데크플레이트,,개별기업주식,국내주식밸류,KOSPI,한국,KRW,[],,069500,091160,30,한투 공식 테마 (데크플레이트),2026-08-26T08:50:42.077439
도시가스,1.한국테마,에너지인프라,도시가스,에너지인프라 / 도시가스,,개별기업주식,국내주식밸류,KOSPI,한국,KRW,[],,069500,117460,30,한투 공식 테마 (도시가스),2026-08-26T08:50:42.077439
도시재생사업,1.한국테마,제조업,도시재생사업,제조업 / 도시재생사업,,개별기업주식,국내주식밸류,KOSPI,한국,KRW,[],,069500,091160,30,한투 공식 테마 (도시재생사업),2026-08-26T08:50:42.077439
돼지고기,1.한국테마,제조업,돼지고기,제조업 / 돼지고기,,개별기업주식,국내주식밸류,KOSPI,한국,KRW,[],,069500,091160,30,한투 공식 테마 (돼지고기),2026-08-26T08:50:42.077439
드론,1.한국테마,제조업,드론,제조업 / 드론,,개별기업주식,국내주식밸류,KOSPI,한국,KRW,[],,069500,091160,30,한투 공식 테마 (드론),2026-08-26T08:50:42.077439
디지털방송,1.한국테마,제조업,디지털방송,제조업 / 디지털방송,,개별기업주식,국내주식밸류,KOSPI,한국,KRW,[],,069500,091160,30,한투 공식 테마 (디지털방송),2026-08-26T08:50:42.077439
디지털음원,1.한국테마,레저엔터,디지털음원,레저엔터 / 디지털음원,,개별기업주식,국내주식밸류,KOSPI,한국,KRW,[],,069500,364970,30,한투 공식 테마 (디지털음원),2026-08-26T08:50:42.077439
라면,1.한국테마,제조업,라면,제조업 / 라면,,개별기업주식,국내주식밸류,KOSPI,한국,KRW,[],,069500,091160,30,한투 공식 테마 (라면),2026-08-26T08:50:42.077439
라이파이,1.한국테마,제조업,라이파이,제조업 / 라이파이,,개별기업주식,국내주식밸류,KOSPI,한국,KRW,[],,069500,091160,30,한투 공식 테마 (라이파이),2026-08-26T08:50:42.077439
로봇,1.한국테마,산업재,로봇,산업재 / 로봇,,개별기업주식,국내주식밸류,KOSPI,한국,KRW,[],,069500,455850,30,한투 공식 테마 (로봇),2026-08-26T08:50:42.077439
리비안 관련주,1.한국테마,제조업,리비안 관련주,제조업 / 리비안 관련주,,개별기업주식,국내주식밸류,KOSPI,한국,KRW,[],,069500,091160,30,한투 공식 테마 (리비안 관련주),2026-08-26T08:50:42.077439
리츠,1.한국테마,제조업,리츠,제조업 / 리츠,,개별기업주식,국내주식밸류,KOSPI,한국,KRW,[],,069500,091160,30,한투 공식 테마 (리츠),2026-08-26T08:50:42.077439
마리화나(대마) 관련주,1.한국테마,제조업,마리화나(대마) 관련주,제조업 / 마리화나(대마) 관련주,,개별기업주식,국내주식밸류,KOSPI,한국,KRW,[],,069500,091160,30,한투 공식 테마 (마리화나(대마) 관련주),2026-08-26T08:50:42.077439
마스크/손세척,1.한국테마,제조업,마스크/손세척,제조업 / 마스크/손세척,,개별기업주식,국내주식밸류,KOSPI,한국,KRW,[],,069500,091160,30,한투 공식 테마 (마스크/손세척),2026-08-26T08:50:42.077439
마이크로LED,1.한국테마,제조업,마이크로LED,제조업 / 마이크로LED,,개별기업주식,국내주식밸류,KOSPI,한국,KRW,[],,069500,091160,30,한투 공식 테마 (마이크로LED),2026-08-26T08:50:42.077439
메르스바이러스,1.한국테마,제조업,메르스바이러스,제조업 / 메르스바이러스,,개별기업주식,국내주식밸류,KOSPI,한국,KRW,[],,069500,091160,30,한투 공식 테마 (메르스바이러스),2026-08-26T08:50:42.077439
메타버스,1.한국테마,IT서비스,메타버스,IT서비스 / 메타버스,,개별기업주식,국내주식밸류,KOSPI,한국,KRW,[],,069500,091160,30,한투 공식 테마 (메타버스),2026-08-26T08:50:42.077439
면세점 관련주,1.한국테마,제조업,면세점 관련주,제조업 / 면세점 관련주,,개별기업주식,국내주식밸류,KOSPI,한국,KRW,[],,069500,228800,30,한투 공식 테마 (면세점 관련주),2026-08-26T08:50:42.077439
면역항암제,1.한국테마,제약바이오,면역항암제,제약바이오 / 면역항암제,,개별기업주식,국내주식밸류,KOSPI,한국,KRW,[],,069500,091160,30,한투 공식 테마 (면역항암제),2026-08-26T08:50:42.077439
모바일솔루션,1.한국테마,제조업,모바일솔루션,제조업 / 모바일솔루션,,개별기업주식,국내주식밸류,KOSPI,한국,KRW,[],,069500,139260,30,한투 공식 테마 (모바일솔루션),2026-08-26T08:50:42.077439
모바일이코노미,1.한국테마,제조업,모바일이코노미,제조업 / 모바일이코노미,,개별기업주식,국내주식밸류,KOSPI,한국,KRW,[],,069500,091160,30,한투 공식 테마 (모바일이코노미),2026-08-26T08:50:42.077439
모빌리티/판매업체,1.한국테마,제조업,모빌리티/판매업체,제조업 / 모빌리티/판매업체,,개별기업주식,국내주식밸류,KOSPI,한국,KRW,[],,069500,091180,30,한투 공식 테마 (모빌리티/판매업체),2026-08-26T08:50:42.077439
목재,1.한국테마,제조업,목재,제조업 / 목재,,개별기업주식,국내주식밸류,KOSPI,한국,KRW,[],,069500,091160,30,한투 공식 테마 (목재),2026-08-26T08:50:42.077439
무선충전,1.한국테마,제조업,무선충전,제조업 / 무선충전,,개별기업주식,국내주식밸류,KOSPI,한국,KRW,[],,069500,091160,30,한투 공식 테마 (무선충전),2026-08-26T08:50:42.077439
미디어,1.한국테마,레저엔터,미디어,레저엔터 / 미디어,,개별기업주식,국내주식밸류,KOSPI,한국,KRW,[],,069500,102960,30,한투 공식 테마 (미디어),2026-08-26T08:50:42.077439
미세먼지,1.한국테마,제조업,미세먼지,제조업 / 미세먼지,,개별기업주식,국내주식밸류,KOSPI,한국,KRW,[],,069500,091160,30,한투 공식 테마 (미세먼지),2026-08-26T08:50:42.077439
바이오,1.한국테마,제약바이오,바이오,제약바이오 / 바이오,,개별기업주식,국내주식밸류,KOSPI,한국,KRW,[],,069500,244580,30,한투 공식 테마 (바이오),2026-08-26T08:50:42.077439
바이오가스플랜트,1.한국테마,제약바이오,바이오가스플랜트,제약바이오 / 바이오가스플랜트,,개별기업주식,국내주식밸류,KOSPI,한국,KRW,[],,069500,244580,30,한투 공식 테마 (바이오가스플랜트),2026-08-26T08:50:42.077439
바이오소재,1.한국테마,제약바이오,바이오소재,제약바이오 / 바이오소재,,개별기업주식,국내주식밸류,KOSPI,한국,KRW,[],,069500,244580,30,한투 공식 테마 (바이오소재),2026-08-26T08:50:42.077439
바이오시밀러,1.한국테마,제약바이오,바이오시밀러,제약바이오 / 바이오시밀러,,개별기업주식,국내주식밸류,KOSPI,한국,KRW,[],,069500,244580,30,한투 공식 테마 (바이오시밀러),2026-08-26T08:50:42.077439
바이오에탄올,1.한국테마,제약바이오,바이오에탄올,제약바이오 / 바이오에탄올,,개별기업주식,국내주식밸류,KOSPI,한국,KRW,[],,069500,244580,30,한투 공식 테마 (바이오에탄올),2026-08-26T08:50:42.077439
바이오인식(생체인식),1.한국테마,제약바이오,바이오인식(생체인식),제약바이오 / 바이오인식(생체인식),,개별기업주식,국내주식밸류,KOSPI,한국,KRW,[],,069500,244580,30,한투 공식 테마 (바이오인식(생체인식)),2026-08-26T08:50:42.077439
반도체/반도체장비,1.한국테마,전기전자,반도체/반도체장비,전기전자 / 반도체/반도체장비,,개별기업주식,국내주식밸류,KOSPI,한국,KRW,[],,069500,396500,30,한투 공식 테마 (반도체/반도체장비),2026-08-26T08:50:42.077439
반도체재료,1.한국테마,전기전자,반도체재료,전기전자 / 반도체재료,,개별기업주식,국내주식밸류,KOSPI,한국,KRW,[],,069500,396500,30,한투 공식 테마 (반도체재료),2026-08-26T08:50:42.077439
밥솥,1.한국테마,제조업,밥솥,제조업 / 밥솥,,개별기업주식,국내주식밸류,KOSPI,한국,KRW,[],,069500,091160,30,한투 공식 테마 (밥솥),2026-08-26T08:50:42.077439
방사능,1.한국테마,제조업,방사능,제조업 / 방사능,,개별기업주식,국내주식밸류,KOSPI,한국,KRW,[],,069500,091160,30,한투 공식 테마 (방사능),2026-08-26T08:50:42.077439
방위산업,1.한국테마,제조업,방위산업,제조업 / 방위산업,,개별기업주식,국내주식밸류,KOSPI,한국,KRW,[],,069500,449450,30,한투 공식 테마 (방위산업),2026-08-26T08:50:42.077439
배터리,1.한국테마,2차전지,배터리,2차전지 / 배터리,,개별기업주식,국내주식밸류,KOSPI,한국,KRW,[],,069500,305540,30,한투 공식 테마 (배터리),2026-08-26T08:50:42.077439
백신여권,1.한국테마,제조업,백신여권,제조업 / 백신여권,,개별기업주식,국내주식밸류,KOSPI,한국,KRW,[],,069500,091160,30,한투 공식 테마 (백신여권),2026-08-26T08:50:42.077439
백화점/홈쇼핑/편의점,1.한국테마,제조업,백화점/홈쇼핑/편의점,제조업 / 백화점/홈쇼핑/편의점,,개별기업주식,국내주식밸류,KOSPI,한국,KRW,[],,069500,091160,30,한투 공식 테마 (백화점/홈쇼핑/편의점),2026-08-26T08:50:42.077439
보안(물리),1.한국테마,IT서비스,보안(물리),IT서비스 / 보안(물리),,개별기업주식,국내주식밸류,KOSPI,한국,KRW,[],,069500,091160,30,한투 공식 테마 (보안(물리)),2026-08-26T08:50:42.077439
보안(정보),1.한국테마,IT서비스,보안(정보),IT서비스 / 보안(정보),,개별기업주식,국내주식밸류,KOSPI,한국,KRW,[],,069500,091160,30,한투 공식 테마 (보안(정보)),2026-08-26T08:50:42.077439
보톡스,1.한국테마,제조업,보톡스,제조업 / 보톡스,,개별기업주식,국내주식밸류,KOSPI,한국,KRW,[],,069500,091160,30,한투 공식 테마 (보톡스),2026-08-26T08:50:42.077439
보험,1.한국테마,금융,보험,금융 / 보험,,개별기업주식,국내주식밸류,KOSPI,한국,KRW,[],,069500,140700,30,한투 공식 테마 (보험),2026-08-26T08:50:42.077439
복합화력발전,1.한국테마,제조업,복합화력발전,제조업 / 복합화력발전,,개별기업주식,국내주식밸류,KOSPI,한국,KRW,[],,069500,091160,30,한투 공식 테마 (복합화력발전),2026-08-26T08:50:42.077439
북한광물자원개발,1.한국테마,제조업,북한광물자원개발,제조업 / 북한광물자원개발,,개별기업주식,국내주식밸류,KOSPI,한국,KRW,[],,069500,395160,30,한투 공식 테마 (북한광물자원개발),2026-08-26T08:50:42.077439
북한전력설비,1.한국테마,전기전자,북한전력설비,전기전자 / 북한전력설비,,개별기업주식,국내주식밸류,KOSPI,한국,KRW,[],,069500,487240,30,한투 공식 테마 (북한전력설비),2026-08-26T08:50:42.077439
블록체인,1.한국테마,제조업,블록체인,제조업 / 블록체인,,개별기업주식,국내주식밸류,KOSPI,한국,KRW,[],,069500,091160,30,한투 공식 테마 (블록체인),2026-08-26T08:50:42.077439
비료,1.한국테마,제조업,비료,제조업 / 비료,,개별기업주식,국내주식밸류,KOSPI,한국,KRW,[],,069500,091160,30,한투 공식 테마 (비료),2026-08-26T08:50:42.077439
비만치료제,1.한국테마,제조업,비만치료제,제조업 / 비만치료제,,개별기업주식,국내주식밸류,KOSPI,한국,KRW,[],,069500,091160,30,한투 공식 테마 (비만치료제),2026-08-26T08:50:42.077439
비철금속,1.한국테마,철강금속,비철금속,철강금속 / 비철금속,,개별기업주식,국내주식밸류,KOSPI,한국,KRW,[],,069500,139240,30,한투 공식 테마 (비철금속),2026-08-26T08:50:42.077439
빅데이터,1.한국테마,제조업,빅데이터,제조업 / 빅데이터,,개별기업주식,국내주식밸류,KOSPI,한국,KRW,[],,069500,091160,30,한투 공식 테마 (빅데이터),2026-08-26T08:50:42.077439
사료,1.한국테마,제조업,사료,제조업 / 사료,,개별기업주식,국내주식밸류,KOSPI,한국,KRW,[],,069500,091160,30,한투 공식 테마 (사료),2026-08-26T08:50:42.077439
사물인터넷,1.한국테마,IT서비스,사물인터넷,IT서비스 / 사물인터넷,,개별기업주식,국내주식밸류,KOSPI,한국,KRW,[],,069500,139260,30,한투 공식 테마 (사물인터넷),2026-08-26T08:50:42.077439
삼성페이,1.한국테마,제조업,삼성페이,제조업 / 삼성페이,,개별기업주식,국내주식밸류,KOSPI,한국,KRW,[],,069500,091160,30,한투 공식 테마 (삼성페이),2026-08-26T08:50:42.077439
상사,1.한국테마,제조업,상사,제조업 / 상사,,개별기업주식,국내주식밸류,KOSPI,한국,KRW,[],,069500,395160,30,한투 공식 테마 (상사),2026-08-26T08:50:42.077439
석유화학,1.한국테마,화학소재,석유화학,화학소재 / 석유화학,,개별기업주식,국내주식밸류,KOSPI,한국,KRW,[],,069500,117460,30,한투 공식 테마 (석유화학),2026-08-26T08:50:42.077439
선크림,1.한국테마,제조업,선크림,제조업 / 선크림,,개별기업주식,국내주식밸류,KOSPI,한국,KRW,[],,069500,091160,30,한투 공식 테마 (선크림),2026-08-26T08:50:42.077439
섬유/의류,1.한국테마,제조업,섬유/의류,제조업 / 섬유/의류,,개별기업주식,국내주식밸류,KOSPI,한국,KRW,[],,069500,091160,30,한투 공식 테마 (섬유/의류),2026-08-26T08:50:42.077439
셋톱박스,1.한국테마,제조업,셋톱박스,제조업 / 셋톱박스,,개별기업주식,국내주식밸류,KOSPI,한국,KRW,[],,069500,091160,30,한투 공식 테마 (셋톱박스),2026-08-26T08:50:42.077439
셰일가스,1.한국테마,에너지인프라,셰일가스,에너지인프라 / 셰일가스,,개별기업주식,국내주식밸류,KOSPI,한국,KRW,[],,069500,117460,30,한투 공식 테마 (셰일가스),2026-08-26T08:50:42.077439
소방기기,1.한국테마,제조업,소방기기,제조업 / 소방기기,,개별기업주식,국내주식밸류,KOSPI,한국,KRW,[],,069500,091160,30,한투 공식 테마 (소방기기),2026-08-26T08:50:42.077439
송유관,1.한국테마,제조업,송유관,제조업 / 송유관,,개별기업주식,국내주식밸류,KOSPI,한국,KRW,[],,069500,091160,30,한투 공식 테마 (송유관),2026-08-26T08:50:42.077439
수산,1.한국테마,제조업,수산,제조업 / 수산,,개별기업주식,국내주식밸류,KOSPI,한국,KRW,[],,069500,091160,30,한투 공식 테마 (수산),2026-08-26T08:50:42.077439
수소에너지,1.한국테마,제조업,수소에너지,제조업 / 수소에너지,,개별기업주식,국내주식밸류,KOSPI,한국,KRW,[],,069500,117460,30,한투 공식 테마 (수소에너지),2026-08-26T08:50:42.077439
수소차,1.한국테마,운수장비,수소차,운수장비 / 수소차,,개별기업주식,국내주식밸류,KOSPI,한국,KRW,[],,069500,091160,30,한투 공식 테마 (수소차),2026-08-26T08:50:42.077439
수자원,1.한국테마,제조업,수자원,제조업 / 수자원,,개별기업주식,국내주식밸류,KOSPI,한국,KRW,[],,069500,091160,30,한투 공식 테마 (수자원),2026-08-26T08:50:42.077439
슈퍼박테리아,1.한국테마,제조업,슈퍼박테리아,제조업 / 슈퍼박테리아,,개별기업주식,국내주식밸류,KOSPI,한국,KRW,[],,069500,091160,30,한투 공식 테마 (슈퍼박테리아),2026-08-26T08:50:42.077439
스마트공장,1.한국테마,제조업,스마트공장,제조업 / 스마트공장,,개별기업주식,국내주식밸류,KOSPI,한국,KRW,[],,069500,091160,30,한투 공식 테마 (스마트공장),2026-08-26T08:50:42.077439
스마트그리드,1.한국테마,제조업,스마트그리드,제조업 / 스마트그리드,,개별기업주식,국내주식밸류,KOSPI,한국,KRW,[],,069500,091160,30,한투 공식 테마 (스마트그리드),2026-08-26T08:50:42.077439
스마트카,1.한국테마,제조업,스마트카,제조업 / 스마트카,,개별기업주식,국내주식밸류,KOSPI,한국,KRW,[],,069500,091160,30,한투 공식 테마 (스마트카),2026-08-26T08:50:42.077439
스마트폰,1.한국테마,제조업,스마트폰,제조업 / 스마트폰,,개별기업주식,국내주식밸류,KOSPI,한국,KRW,[],,069500,091160,30,한투 공식 테마 (스마트폰),2026-08-26T08:50:42.077439
스포츠행사 수혜,1.한국테마,제조업,스포츠행사 수혜,제조업 / 스포츠행사 수혜,,개별기업주식,국내주식밸류,KOSPI,한국,KRW,[],,069500,091160,30,한투 공식 테마 (스포츠행사 수혜),2026-08-26T08:50:42.077439
시멘트,1.한국테마,제조업,시멘트,제조업 / 시멘트,,개별기업주식,국내주식밸류,KOSPI,한국,KRW,[],,069500,091160,30,한투 공식 테마 (시멘트),2026-08-26T08:50:42.077439
시스템반도체,1.한국테마,전기전자,시스템반도체,전기전자 / 시스템반도체,,개별기업주식,국내주식밸류,KOSPI,한국,KRW,[],,069500,396500,30,한투 공식 테마 (시스템반도체),2026-08-26T08:50:42.077439
식자재/급식,1.한국테마,제조업,식자재/급식,제조업 / 식자재/급식,,개별기업주식,국내주식밸류,KOSPI,한국,KRW,[],,069500,091160,30,한투 공식 테마 (식자재/급식),2026-08-26T08:50:42.077439
신공항,1.한국테마,제조업,신공항,제조업 / 신공항,,개별기업주식,국내주식밸류,KOSPI,한국,KRW,[],,069500,091160,30,한투 공식 테마 (신공항),2026-08-26T08:50:42.077439
신약개발,1.한국테마,제약바이오,신약개발,제약바이오 / 신약개발,,개별기업주식,국내주식밸류,KOSPI,한국,KRW,[],,069500,244580,30,한투 공식 테마 (신약개발),2026-08-26T08:50:42.077439
신용평가사,1.한국테마,제조업,신용평가사,제조업 / 신용평가사,,개별기업주식,국내주식밸류,KOSPI,한국,KRW,[],,069500,091160,30,한투 공식 테마 (신용평가사),2026-08-26T08:50:42.077439
아스콘,1.한국테마,제조업,아스콘,제조업 / 아스콘,,개별기업주식,국내주식밸류,KOSPI,한국,KRW,[],,069500,091160,30,한투 공식 테마 (아스콘),2026-08-26T08:50:42.077439
아이폰,1.한국테마,제조업,아이폰,제조업 / 아이폰,,개별기업주식,국내주식밸류,KOSPI,한국,KRW,[],,069500,091160,30,한투 공식 테마 (아이폰),2026-08-26T08:50:42.077439
아이핀,1.한국테마,제조업,아이핀,제조업 / 아이핀,,개별기업주식,국내주식밸류,KOSPI,한국,KRW,[],,069500,091160,30,한투 공식 테마 (아이핀),2026-08-26T08:50:42.077439
애플페이,1.한국테마,제조업,애플페이,제조업 / 애플페이,,개별기업주식,국내주식밸류,KOSPI,한국,KRW,[],,069500,091160,30,한투 공식 테마 (애플페이),2026-08-26T08:50:42.077439
에볼라바이러스,1.한국테마,제조업,에볼라바이러스,제조업 / 에볼라바이러스,,개별기업주식,국내주식밸류,KOSPI,한국,KRW,[],,069500,091160,30,한투 공식 테마 (에볼라바이러스),2026-08-26T08:50:42.077439
엔터테인먼트,1.한국테마,레저엔터,엔터테인먼트,레저엔터 / 엔터테인먼트,,개별기업주식,국내주식밸류,KOSPI,한국,KRW,[],,069500,364970,30,한투 공식 테마 (엔터테인먼트),2026-08-26T08:50:42.077439
여름,1.한국테마,제조업,여름,제조업 / 여름,,개별기업주식,국내주식밸류,KOSPI,한국,KRW,[],,069500,091160,30,한투 공식 테마 (여름),2026-08-26T08:50:42.077439
여행,1.한국테마,제조업,여행,제조업 / 여행,,개별기업주식,국내주식밸류,KOSPI,한국,KRW,[],,069500,228800,30,한투 공식 테마 (여행),2026-08-26T08:50:42.077439
영화/드라마제작,1.한국테마,레저엔터,영화/드라마제작,레저엔터 / 영화/드라마제작,,개별기업주식,국내주식밸류,KOSPI,한국,KRW,[],,069500,364970,30,한투 공식 테마 (영화/드라마제작),2026-08-26T08:50:42.077439
온디바이스AI,1.한국테마,IT서비스,온디바이스AI,IT서비스 / 온디바이스AI,,개별기업주식,국내주식밸류,KOSPI,한국,KRW,[],,069500,091160,30,한투 공식 테마 (온디바이스AI),2026-08-26T08:50:42.077439
와이브로,1.한국테마,제조업,와이브로,제조업 / 와이브로,,개별기업주식,국내주식밸류,KOSPI,한국,KRW,[],,069500,091160,30,한투 공식 테마 (와이브로),2026-08-26T08:50:42.077439
완구/캐릭터,1.한국테마,제조업,완구/캐릭터,제조업 / 완구/캐릭터,,개별기업주식,국내주식밸류,KOSPI,한국,KRW,[],,069500,091160,30,한투 공식 테마 (완구/캐릭터),2026-08-26T08:50:42.077439
외국국적상장기업,1.한국테마,제조업,외국국적상장기업,제조업 / 외국국적상장기업,,개별기업주식,국내주식밸류,KOSPI,한국,KRW,[],,069500,091160,30,한투 공식 테마 (외국국적상장기업),2026-08-26T08:50:42.077439
요소수,1.한국테마,제조업,요소수,제조업 / 요소수,,개별기업주식,국내주식밸류,KOSPI,한국,KRW,[],,069500,091160,30,한투 공식 테마 (요소수),2026-08-26T08:50:42.077439
"우주(위성,발사체)",1.한국테마,운수장비,"우주(위성,발사체)","운수장비 / 우주(위성,발사체)",,개별기업주식,국내주식밸류,KOSPI,한국,KRW,[],,069500,449450,30,"한투 공식 테마 (우주(위성,발사체))",2026-08-26T08:50:42.077439
원격검침,1.한국테마,제조업,원격검침,제조업 / 원격검침,,개별기업주식,국내주식밸류,KOSPI,한국,KRW,[],,069500,091160,30,한투 공식 테마 (원격검침),2026-08-26T08:50:42.077439
원격의료,1.한국테마,제조업,원격의료,제조업 / 원격의료,,개별기업주식,국내주식밸류,KOSPI,한국,KRW,[],,069500,091160,30,한투 공식 테마 (원격의료),2026-08-26T08:50:42.077439
원자력,1.한국테마,에너지인프라,원자력,에너지인프라 / 원자력,,개별기업주식,국내주식밸류,KOSPI,한국,KRW,[],,069500,0091P0,30,한투 공식 테마 (원자력),2026-08-26T08:50:42.077439
원자력발전소 해체,1.한국테마,에너지인프라,원자력발전소 해체,에너지인프라 / 원자력발전소 해체,,개별기업주식,국내주식밸류,KOSPI,한국,KRW,[],,069500,0091P0,30,한투 공식 테마 (원자력발전소 해체),2026-08-26T08:50:42.077439
웹툰,1.한국테마,레저엔터,웹툰,레저엔터 / 웹툰,,개별기업주식,국내주식밸류,KOSPI,한국,KRW,[],,069500,364970,30,한투 공식 테마 (웹툰),2026-08-26T08:50:42.077439
"위탁생산(CMO, CDMO)",1.한국테마,제조업,"위탁생산(CMO, CDMO)","제조업 / 위탁생산(CMO, CDMO)",,개별기업주식,국내주식밸류,KOSPI,한국,KRW,[],,069500,091160,30,"한투 공식 테마 (위탁생산(CMO, CDMO))",2026-08-26T08:50:42.077439
유리기판,1.한국테마,제조업,유리기판,제조업 / 유리기판,,개별기업주식,국내주식밸류,KOSPI,한국,KRW,[],,069500,091160,30,한투 공식 테마 (유리기판),2026-08-26T08:50:42.077439
유전자치료제,1.한국테마,전기전자,유전자치료제,전기전자 / 유전자치료제,,개별기업주식,국내주식밸류,KOSPI,한국,KRW,[],,069500,091160,30,한투 공식 테마 (유전자치료제),2026-08-26T08:50:42.077439
은행,1.한국테마,금융,은행,금융 / 은행,,개별기업주식,국내주식밸류,KOSPI,한국,KRW,[],,069500,091170,30,한투 공식 테마 (은행),2026-08-26T08:50:42.077439
음성인식,1.한국테마,제조업,음성인식,제조업 / 음성인식,,개별기업주식,국내주식밸류,KOSPI,한국,KRW,[],,069500,091160,30,한투 공식 테마 (음성인식),2026-08-26T08:50:42.077439
음식료,1.한국테마,필수소비재,음식료,필수소비재 / 음식료,,개별기업주식,국내주식밸류,KOSPI,한국,KRW,[],,069500,091160,30,한투 공식 테마 (음식료),2026-08-26T08:50:42.077439
의료기기,1.한국테마,제약바이오,의료기기,제약바이오 / 의료기기,,개별기업주식,국내주식밸류,KOSPI,한국,KRW,[],,069500,244580,30,한투 공식 테마 (의료기기),2026-08-26T08:50:42.077439
이동통신재판매,1.한국테마,제조업,이동통신재판매,제조업 / 이동통신재판매,,개별기업주식,국내주식밸류,KOSPI,한국,KRW,[],,069500,102960,30,한투 공식 테마 (이동통신재판매),2026-08-26T08:50:42.077439
이산화탄소배출권,1.한국테마,제조업,이산화탄소배출권,제조업 / 이산화탄소배출권,,개별기업주식,국내주식밸류,KOSPI,한국,KRW,[],,069500,091160,30,한투 공식 테마 (이산화탄소배출권),2026-08-26T08:50:42.077439
인공지능,1.한국테마,IT서비스,인공지능,IT서비스 / 인공지능,,개별기업주식,국내주식밸류,KOSPI,한국,KRW,[],,069500,091160,30,한투 공식 테마 (인공지능),2026-08-26T08:50:42.077439
인터넷서비스,1.한국테마,IT서비스,인터넷서비스,IT서비스 / 인터넷서비스,,개별기업주식,국내주식밸류,KOSPI,한국,KRW,[],,069500,139260,30,한투 공식 테마 (인터넷서비스),2026-08-26T08:50:42.077439
일본불매운동 수혜,1.한국테마,제조업,일본불매운동 수혜,제조업 / 일본불매운동 수혜,,개별기업주식,국내주식밸류,KOSPI,한국,KRW,[],,069500,091160,30,한투 공식 테마 (일본불매운동 수혜),2026-08-26T08:50:42.077439
일본수출규제 국산화,1.한국테마,제조업,일본수출규제 국산화,제조업 / 일본수출규제 국산화,,개별기업주식,국내주식밸류,KOSPI,한국,KRW,[],,069500,091160,30,한투 공식 테마 (일본수출규제 국산화),2026-08-26T08:50:42.077439
일자리,1.한국테마,제조업,일자리,제조업 / 일자리,,개별기업주식,국내주식밸류,KOSPI,한국,KRW,[],,069500,091160,30,한투 공식 테마 (일자리),2026-08-26T08:50:42.077439
임베디드 S/W,1.한국테마,제조업,임베디드 S/W,제조업 / 임베디드 S/W,,개별기업주식,국내주식밸류,KOSPI,한국,KRW,[],,069500,091160,30,한투 공식 테마 (임베디드 S/W),2026-08-26T08:50:42.077439
자동차경량화,1.한국테마,운수장비,자동차경량화,운수장비 / 자동차경량화,,개별기업주식,국내주식밸류,KOSPI,한국,KRW,[],,069500,091180,30,한투 공식 테마 (자동차경량화),2026-08-26T08:50:42.077439
자동차부품,1.한국테마,운수장비,자동차부품,운수장비 / 자동차부품,,개별기업주식,국내주식밸류,KOSPI,한국,KRW,[],,069500,091180,30,한투 공식 테마 (자동차부품),2026-08-26T08:50:42.077439
자원개발,1.한국테마,제조업,자원개발,제조업 / 자원개발,,개별기업주식,국내주식밸류,KOSPI,한국,KRW,[],,069500,395160,30,한투 공식 테마 (자원개발),2026-08-26T08:50:42.077439
자율주행차,1.한국테마,운수장비,자율주행차,운수장비 / 자율주행차,,개별기업주식,국내주식밸류,KOSPI,한국,KRW,[],,069500,091180,30,한투 공식 테마 (자율주행차),2026-08-26T08:50:42.077439
자전거,1.한국테마,제조업,자전거,제조업 / 자전거,,개별기업주식,국내주식밸류,KOSPI,한국,KRW,[],,069500,091160,30,한투 공식 테마 (자전거),2026-08-26T08:50:42.077439
재택근무,1.한국테마,제조업,재택근무,제조업 / 재택근무,,개별기업주식,국내주식밸류,KOSPI,한국,KRW,[],,069500,091160,30,한투 공식 테마 (재택근무),2026-08-26T08:50:42.077439
전고체배터리,1.한국테마,2차전지,전고체배터리,2차전지 / 전고체배터리,,개별기업주식,국내주식밸류,KOSPI,한국,KRW,[],,069500,305540,30,한투 공식 테마 (전고체배터리),2026-08-26T08:50:42.077439
전기자전거,1.한국테마,제조업,전기자전거,제조업 / 전기자전거,,개별기업주식,국내주식밸류,KOSPI,한국,KRW,[],,069500,091160,30,한투 공식 테마 (전기자전거),2026-08-26T08:50:42.077439
전기차,1.한국테마,운수장비,전기차,운수장비 / 전기차,,개별기업주식,국내주식밸류,KOSPI,한국,KRW,[],,069500,091180,30,한투 공식 테마 (전기차),2026-08-26T08:50:42.077439
전기차충전소,1.한국테마,운수장비,전기차충전소,운수장비 / 전기차충전소,,개별기업주식,국내주식밸류,KOSPI,한국,KRW,[],,069500,091180,30,한투 공식 테마 (전기차충전소),2026-08-26T08:50:42.077439
전력기기,1.한국테마,전기전자,전력기기,전기전자 / 전력기기,,개별기업주식,국내주식밸류,KOSPI,한국,KRW,[],,069500,487240,30,한투 공식 테마 (전력기기),2026-08-26T08:50:42.077439
전선업체,1.한국테마,제조업,전선업체,제조업 / 전선업체,,개별기업주식,국내주식밸류,KOSPI,한국,KRW,[],,069500,487240,30,한투 공식 테마 (전선업체),2026-08-26T08:50:42.077439
전자결제주,1.한국테마,전기전자,전자결제주,전기전자 / 전자결제주,,개별기업주식,국내주식밸류,KOSPI,한국,KRW,[],,069500,091160,30,한투 공식 테마 (전자결제주),2026-08-26T08:50:42.077439
전자상거래,1.한국테마,전기전자,전자상거래,전기전자 / 전자상거래,,개별기업주식,국내주식밸류,KOSPI,한국,KRW,[],,069500,091160,30,한투 공식 테마 (전자상거래),2026-08-26T08:50:42.077439
전자지갑,1.한국테마,전기전자,전자지갑,전기전자 / 전자지갑,,개별기업주식,국내주식밸류,KOSPI,한국,KRW,[],,069500,091160,30,한투 공식 테마 (전자지갑),2026-08-26T08:50:42.077439
전자태그,1.한국테마,전기전자,전자태그,전기전자 / 전자태그,,개별기업주식,국내주식밸류,KOSPI,한국,KRW,[],,069500,091160,30,한투 공식 테마 (전자태그),2026-08-26T08:50:42.077439
전자파차단,1.한국테마,전기전자,전자파차단,전기전자 / 전자파차단,,개별기업주식,국내주식밸류,KOSPI,한국,KRW,[],,069500,091160,30,한투 공식 테마 (전자파차단),2026-08-26T08:50:42.077439
전자화폐/스마트카드,1.한국테마,전기전자,전자화폐/스마트카드,전기전자 / 전자화폐/스마트카드,,개별기업주식,국내주식밸류,KOSPI,한국,KRW,[],,069500,091160,30,한투 공식 테마 (전자화폐/스마트카드),2026-08-26T08:50:42.077439
전장(전자장비),1.한국테마,전기전자,전장(전자장비),전기전자 / 전장(전자장비),,개별기업주식,국내주식밸류,KOSPI,한국,KRW,[],,069500,305540,30,한투 공식 테마 (전장(전자장비)),2026-08-26T08:50:42.077439
정유,1.한국테마,에너지인프라,정유,에너지인프라 / 정유,,개별기업주식,국내주식밸류,KOSPI,한국,KRW,[],,069500,117460,30,한투 공식 테마 (정유),2026-08-26T08:50:42.077439
제당,1.한국테마,제조업,제당,제조업 / 제당,,개별기업주식,국내주식밸류,KOSPI,한국,KRW,[],,069500,091160,30,한투 공식 테마 (제당),2026-08-26T08:50:42.077439
제대혈,1.한국테마,제조업,제대혈,제조업 / 제대혈,,개별기업주식,국내주식밸류,KOSPI,한국,KRW,[],,069500,091160,30,한투 공식 테마 (제대혈),2026-08-26T08:50:42.077439
제분,1.한국테마,제조업,제분,제조업 / 제분,,개별기업주식,국내주식밸류,KOSPI,한국,KRW,[],,069500,091160,30,한투 공식 테마 (제분),2026-08-26T08:50:42.077439
제습기,1.한국테마,제조업,제습기,제조업 / 제습기,,개별기업주식,국내주식밸류,KOSPI,한국,KRW,[],,069500,091160,30,한투 공식 테마 (제습기),2026-08-26T08:50:42.077439
제약,1.한국테마,제약바이오,제약,제약바이오 / 제약,,개별기업주식,국내주식밸류,KOSPI,한국,KRW,[],,069500,244580,30,한투 공식 테마 (제약),2026-08-26T08:50:42.077439
제지,1.한국테마,제조업,제지,제조업 / 제지,,개별기업주식,국내주식밸류,KOSPI,한국,KRW,[],,069500,091160,30,한투 공식 테마 (제지),2026-08-26T08:50:42.077439
조림사업,1.한국테마,제조업,조림사업,제조업 / 조림사업,,개별기업주식,국내주식밸류,KOSPI,한국,KRW,[],,069500,091160,30,한투 공식 테마 (조림사업),2026-08-26T08:50:42.077439
조선,1.한국테마,운수장비,조선,운수장비 / 조선,,개별기업주식,국내주식밸류,KOSPI,한국,KRW,[],,069500,466920,30,한투 공식 테마 (조선),2026-08-26T08:50:42.077439
조선기자재,1.한국테마,운수장비,조선기자재,운수장비 / 조선기자재,,개별기업주식,국내주식밸류,KOSPI,한국,KRW,[],,069500,466920,30,한투 공식 테마 (조선기자재),2026-08-26T08:50:42.077439
종합물류업체,1.한국테마,제조업,종합물류업체,제조업 / 종합물류업체,,개별기업주식,국내주식밸류,KOSPI,한국,KRW,[],,069500,228800,30,한투 공식 테마 (종합물류업체),2026-08-26T08:50:42.077439
주류판매,1.한국테마,필수소비재,주류판매,필수소비재 / 주류판매,,개별기업주식,국내주식밸류,KOSPI,한국,KRW,[],,069500,091160,30,한투 공식 테마 (주류판매),2026-08-26T08:50:42.077439
주정,1.한국테마,제조업,주정,제조업 / 주정,,개별기업주식,국내주식밸류,KOSPI,한국,KRW,[],,069500,091160,30,한투 공식 테마 (주정),2026-08-26T08:50:42.077439
줄기세포,1.한국테마,제조업,줄기세포,제조업 / 줄기세포,,개별기업주식,국내주식밸류,KOSPI,한국,KRW,[],,069500,091160,30,한투 공식 테마 (줄기세포),2026-08-26T08:50:42.077439
중고차 및 렌터카,1.한국테마,제조업,중고차 및 렌터카,제조업 / 중고차 및 렌터카,,개별기업주식,국내주식밸류,KOSPI,한국,KRW,[],,069500,091160,30,한투 공식 테마 (중고차 및 렌터카),2026-08-26T08:50:42.077439
중국긴축완화 수혜,1.한국테마,제조업,중국긴축완화 수혜,제조업 / 중국긴축완화 수혜,,개별기업주식,국내주식밸류,KOSPI,한국,KRW,[],,069500,091160,30,한투 공식 테마 (중국긴축완화 수혜),2026-08-26T08:50:42.077439
증권,1.한국테마,금융,증권,금융 / 증권,,개별기업주식,국내주식밸류,KOSPI,한국,KRW,[],,069500,102970,30,한투 공식 테마 (증권),2026-08-26T08:50:42.077439
지능형교통시스템,1.한국테마,제조업,지능형교통시스템,제조업 / 지능형교통시스템,,개별기업주식,국내주식밸류,KOSPI,한국,KRW,[],,069500,091160,30,한투 공식 테마 (지능형교통시스템),2026-08-26T08:50:42.077439
지문인식,1.한국테마,제조업,지문인식,제조업 / 지문인식,,개별기업주식,국내주식밸류,KOSPI,한국,KRW,[],,069500,091160,30,한투 공식 테마 (지문인식),2026-08-26T08:50:42.077439
지주,1.한국테마,금융,지주,금융 / 지주,,개별기업주식,국내주식밸류,KOSPI,한국,KRW,[],,069500,395160,30,한투 공식 테마 (지주),2026-08-26T08:50:42.077439
지진,1.한국테마,제조업,지진,제조업 / 지진,,개별기업주식,국내주식밸류,KOSPI,한국,KRW,[],,069500,091160,30,한투 공식 테마 (지진),2026-08-26T08:50:42.077439
지카바이러스,1.한국테마,제조업,지카바이러스,제조업 / 지카바이러스,,개별기업주식,국내주식밸류,KOSPI,한국,KRW,[],,069500,091160,30,한투 공식 테마 (지카바이러스),2026-08-26T08:50:42.077439
지하도로,1.한국테마,제조업,지하도로,제조업 / 지하도로,,개별기업주식,국내주식밸류,KOSPI,한국,KRW,[],,069500,091160,30,한투 공식 테마 (지하도로),2026-08-26T08:50:42.077439
차량용 블랙박스,1.한국테마,제조업,차량용 블랙박스,제조업 / 차량용 블랙박스,,개별기업주식,국내주식밸류,KOSPI,한국,KRW,[],,069500,091160,30,한투 공식 테마 (차량용 블랙박스),2026-08-26T08:50:42.077439
창업투자,1.한국테마,제조업,창업투자,제조업 / 창업투자,,개별기업주식,국내주식밸류,KOSPI,한국,KRW,[],,069500,091160,30,한투 공식 테마 (창업투자),2026-08-26T08:50:42.077439
철강금속,1.한국테마,철강금속,철강금속,철강금속 / 철강금속,,개별기업주식,국내주식밸류,KOSPI,한국,KRW,[],,069500,139240,30,한투 공식 테마 (철강금속),2026-08-26T08:50:42.077439
철도,1.한국테마,제조업,철도,제조업 / 철도,,개별기업주식,국내주식밸류,KOSPI,한국,KRW,[],,069500,091160,30,한투 공식 테마 (철도),2026-08-26T08:50:42.077439
초전도체,1.한국테마,제조업,초전도체,제조업 / 초전도체,,개별기업주식,국내주식밸류,KOSPI,한국,KRW,[],,069500,091160,30,한투 공식 테마 (초전도체),2026-08-26T08:50:42.077439
출산장려정책,1.한국테마,제조업,출산장려정책,제조업 / 출산장려정책,,개별기업주식,국내주식밸류,KOSPI,한국,KRW,[],,069500,091160,30,한투 공식 테마 (출산장려정책),2026-08-26T08:50:42.077439
치과의료,1.한국테마,제조업,치과의료,제조업 / 치과의료,,개별기업주식,국내주식밸류,KOSPI,한국,KRW,[],,069500,091160,30,한투 공식 테마 (치과의료),2026-08-26T08:50:42.077439
카메라모듈/부품,1.한국테마,제조업,카메라모듈/부품,제조업 / 카메라모듈/부품,,개별기업주식,국내주식밸류,KOSPI,한국,KRW,[],,069500,305540,30,한투 공식 테마 (카메라모듈/부품),2026-08-26T08:50:42.077439
카지노,1.한국테마,레저엔터,카지노,레저엔터 / 카지노,,개별기업주식,국내주식밸류,KOSPI,한국,KRW,[],,069500,228800,30,한투 공식 테마 (카지노),2026-08-26T08:50:42.077439
케이블TV,1.한국테마,제조업,케이블TV,제조업 / 케이블TV,,개별기업주식,국내주식밸류,KOSPI,한국,KRW,[],,069500,091160,30,한투 공식 테마 (케이블TV),2026-08-26T08:50:42.077439
코로나19 진단키트,1.한국테마,제조업,코로나19 진단키트,제조업 / 코로나19 진단키트,,개별기업주식,국내주식밸류,KOSPI,한국,KRW,[],,069500,091160,30,한투 공식 테마 (코로나19 진단키트),2026-08-26T08:50:42.077439
코로나19(백신/치료제),1.한국테마,제조업,코로나19(백신/치료제),제조업 / 코로나19(백신/치료제),,개별기업주식,국내주식밸류,KOSPI,한국,KRW,[],,069500,091160,30,한투 공식 테마 (코로나19(백신/치료제)),2026-08-26T08:50:42.077439
코로나19(혈장치료),1.한국테마,제조업,코로나19(혈장치료),제조업 / 코로나19(혈장치료),,개별기업주식,국내주식밸류,KOSPI,한국,KRW,[],,069500,091160,30,한투 공식 테마 (코로나19(혈장치료)),2026-08-26T08:50:42.077439
콘덴서,1.한국테마,제조업,콘덴서,제조업 / 콘덴서,,개별기업주식,국내주식밸류,KOSPI,한국,KRW,[],,069500,091160,30,한투 공식 테마 (콘덴서),2026-08-26T08:50:42.077439
콘텐츠,1.한국테마,제조업,콘텐츠,제조업 / 콘텐츠,,개별기업주식,국내주식밸류,KOSPI,한국,KRW,[],,069500,091160,30,한투 공식 테마 (콘텐츠),2026-08-26T08:50:42.077439
콜드체인(저온유통),1.한국테마,제조업,콜드체인(저온유통),제조업 / 콜드체인(저온유통),,개별기업주식,국내주식밸류,KOSPI,한국,KRW,[],,069500,091160,30,한투 공식 테마 (콜드체인(저온유통)),2026-08-26T08:50:42.077439
클라우드컴퓨팅,1.한국테마,IT서비스,클라우드컴퓨팅,IT서비스 / 클라우드컴퓨팅,,개별기업주식,국내주식밸류,KOSPI,한국,KRW,[],,069500,139260,30,한투 공식 테마 (클라우드컴퓨팅),2026-08-26T08:50:42.077439
키오스크,1.한국테마,제조업,키오스크,제조업 / 키오스크,,개별기업주식,국내주식밸류,KOSPI,한국,KRW,[],,069500,091160,30,한투 공식 테마 (키오스크),2026-08-26T08:50:42.077439
타미플루,1.한국테마,제조업,타미플루,제조업 / 타미플루,,개별기업주식,국내주식밸류,KOSPI,한국,KRW,[],,069500,091160,30,한투 공식 테마 (타미플루),2026-08-26T08:50:42.077439
타이어,1.한국테마,제조업,타이어,제조업 / 타이어,,개별기업주식,국내주식밸류,KOSPI,한국,KRW,[],,069500,091180,30,한투 공식 테마 (타이어),2026-08-26T08:50:42.077439
탄소나노튜브,1.한국테마,제조업,탄소나노튜브,제조업 / 탄소나노튜브,,개별기업주식,국내주식밸류,KOSPI,한국,KRW,[],,069500,091160,30,한투 공식 테마 (탄소나노튜브),2026-08-26T08:50:42.077439
탈모,1.한국테마,제조업,탈모,제조업 / 탈모,,개별기업주식,국내주식밸류,KOSPI,한국,KRW,[],,069500,091160,30,한투 공식 테마 (탈모),2026-08-26T08:50:42.077439
태블릿PC,1.한국테마,제조업,태블릿PC,제조업 / 태블릿PC,,개별기업주식,국내주식밸류,KOSPI,한국,KRW,[],,069500,091160,30,한투 공식 테마 (태블릿PC),2026-08-26T08:50:42.077439
태양광발전,1.한국테마,에너지인프라,태양광발전,에너지인프라 / 태양광발전,,개별기업주식,국내주식밸류,KOSPI,한국,KRW,[],,069500,377990,30,한투 공식 테마 (태양광발전),2026-08-26T08:50:42.077439
태양전지,1.한국테마,제조업,태양전지,제조업 / 태양전지,,개별기업주식,국내주식밸류,KOSPI,한국,KRW,[],,069500,091160,30,한투 공식 테마 (태양전지),2026-08-26T08:50:42.077439
태풍/장마,1.한국테마,제조업,태풍/장마,제조업 / 태풍/장마,,개별기업주식,국내주식밸류,KOSPI,한국,KRW,[],,069500,091160,30,한투 공식 테마 (태풍/장마),2026-08-26T08:50:42.077439
터치스크린,1.한국테마,제조업,터치스크린,제조업 / 터치스크린,,개별기업주식,국내주식밸류,KOSPI,한국,KRW,[],,069500,091160,30,한투 공식 테마 (터치스크린),2026-08-26T08:50:42.077439
테마파크,1.한국테마,제조업,테마파크,제조업 / 테마파크,,개별기업주식,국내주식밸류,KOSPI,한국,KRW,[],,069500,091160,30,한투 공식 테마 (테마파크),2026-08-26T08:50:42.077439
통신사,1.한국테마,제조업,통신사,제조업 / 통신사,,개별기업주식,국내주식밸류,KOSPI,한국,KRW,[],,069500,102960,30,한투 공식 테마 (통신사),2026-08-26T08:50:42.077439
통신장비,1.한국테마,제조업,통신장비,제조업 / 통신장비,,개별기업주식,국내주식밸류,KOSPI,한국,KRW,[],,069500,102960,30,한투 공식 테마 (통신장비),2026-08-26T08:50:42.077439
페인트,1.한국테마,제조업,페인트,제조업 / 페인트,,개별기업주식,국내주식밸류,KOSPI,한국,KRW,[],,069500,091160,30,한투 공식 테마 (페인트),2026-08-26T08:50:42.077439
폐기물/재활용,1.한국테마,제조업,폐기물/재활용,제조업 / 폐기물/재활용,,개별기업주식,국내주식밸류,KOSPI,한국,KRW,[],,069500,091160,30,한투 공식 테마 (폐기물/재활용),2026-08-26T08:50:42.077439
폐배터리,1.한국테마,2차전지,폐배터리,2차전지 / 폐배터리,,개별기업주식,국내주식밸류,KOSPI,한국,KRW,[],,069500,305540,30,한투 공식 테마 (폐배터리),2026-08-26T08:50:42.077439
포장용기,1.한국테마,제조업,포장용기,제조업 / 포장용기,,개별기업주식,국내주식밸류,KOSPI,한국,KRW,[],,069500,091160,30,한투 공식 테마 (포장용기),2026-08-26T08:50:42.077439
폴더블폰,1.한국테마,제조업,폴더블폰,제조업 / 폴더블폰,,개별기업주식,국내주식밸류,KOSPI,한국,KRW,[],,069500,091160,30,한투 공식 테마 (폴더블폰),2026-08-26T08:50:42.077439
폴리실리콘,1.한국테마,제조업,폴리실리콘,제조업 / 폴리실리콘,,개별기업주식,국내주식밸류,KOSPI,한국,KRW,[],,069500,091160,30,한투 공식 테마 (폴리실리콘),2026-08-26T08:50:42.077439
풍력발전,1.한국테마,에너지인프라,풍력발전,에너지인프라 / 풍력발전,,개별기업주식,국내주식밸류,KOSPI,한국,KRW,[],,069500,377990,30,한투 공식 테마 (풍력발전),2026-08-26T08:50:42.077439
프린터,1.한국테마,제조업,프린터,제조업 / 프린터,,개별기업주식,국내주식밸류,KOSPI,한국,KRW,[],,069500,091160,30,한투 공식 테마 (프린터),2026-08-26T08:50:42.077439
플렉서블 디스플레이,1.한국테마,전기전자,플렉서블 디스플레이,전기전자 / 플렉서블 디스플레이,,개별기업주식,국내주식밸류,KOSPI,한국,KRW,[],,069500,091160,30,한투 공식 테마 (플렉서블 디스플레이),2026-08-26T08:50:42.077439
피부미용기기,1.한국테마,제조업,피부미용기기,제조업 / 피부미용기기,,개별기업주식,국내주식밸류,KOSPI,한국,KRW,[],,069500,091160,30,한투 공식 테마 (피부미용기기),2026-08-26T08:50:42.077439
핀테크,1.한국테마,제조업,핀테크,제조업 / 핀테크,,개별기업주식,국내주식밸류,KOSPI,한국,KRW,[],,069500,091160,30,한투 공식 테마 (핀테크),2026-08-26T08:50:42.077439
하이브리드카,1.한국테마,제조업,하이브리드카,제조업 / 하이브리드카,,개별기업주식,국내주식밸류,KOSPI,한국,KRW,[],,069500,364970,30,한투 공식 테마 (하이브리드카),2026-08-26T08:50:42.077439
한국판뉴딜,1.한국테마,제조업,한국판뉴딜,제조업 / 한국판뉴딜,,개별기업주식,국내주식밸류,KOSPI,한국,KRW,[],,069500,091160,30,한투 공식 테마 (한국판뉴딜),2026-08-26T08:50:42.077439
한미FTA수혜,1.한국테마,제조업,한미FTA수혜,제조업 / 한미FTA수혜,,개별기업주식,국내주식밸류,KOSPI,한국,KRW,[],,069500,091160,30,한투 공식 테마 (한미FTA수혜),2026-08-26T08:50:42.077439
합금철,1.한국테마,제조업,합금철,제조업 / 합금철,,개별기업주식,국내주식밸류,KOSPI,한국,KRW,[],,069500,091160,30,한투 공식 테마 (합금철),2026-08-26T08:50:42.077439
항공,1.한국테마,운수장비,항공,운수장비 / 항공,,개별기업주식,국내주식밸류,KOSPI,한국,KRW,[],,069500,228800,30,한투 공식 테마 (항공),2026-08-26T08:50:42.077439
항만,1.한국테마,제조업,항만,제조업 / 항만,,개별기업주식,국내주식밸류,KOSPI,한국,KRW,[],,069500,091160,30,한투 공식 테마 (항만),2026-08-26T08:50:42.077439
해운,1.한국테마,제조업,해운,제조업 / 해운,,개별기업주식,국내주식밸류,KOSPI,한국,KRW,[],,069500,091160,30,한투 공식 테마 (해운),2026-08-26T08:50:42.077439
해저터널,1.한국테마,제조업,해저터널,제조업 / 해저터널,,개별기업주식,국내주식밸류,KOSPI,한국,KRW,[],,069500,091160,30,한투 공식 테마 (해저터널),2026-08-26T08:50:42.077439
핵융합에너지,1.한국테마,제조업,핵융합에너지,제조업 / 핵융합에너지,,개별기업주식,국내주식밸류,KOSPI,한국,KRW,[],,069500,117460,30,한투 공식 테마 (핵융합에너지),2026-08-26T08:50:42.077439
호텔,1.한국테마,제조업,호텔,제조업 / 호텔,,개별기업주식,국내주식밸류,KOSPI,한국,KRW,[],,069500,228800,30,한투 공식 테마 (호텔),2026-08-26T08:50:42.077439
홈네트워크,1.한국테마,제조업,홈네트워크,제조업 / 홈네트워크,,개별기업주식,국내주식밸류,KOSPI,한국,KRW,[],,069500,091160,30,한투 공식 테마 (홈네트워크),2026-08-26T08:50:42.077439
홍채인식,1.한국테마,제조업,홍채인식,제조업 / 홍채인식,,개별기업주식,국내주식밸류,KOSPI,한국,KRW,[],,069500,091160,30,한투 공식 테마 (홍채인식),2026-08-26T08:50:42.077439
화장품,1.한국테마,제조업,화장품,제조업 / 화장품,,개별기업주식,국내주식밸류,KOSPI,한국,KRW,[],,069500,091160,30,한투 공식 테마 (화장품),2026-08-26T08:50:42.077439
화학섬유,1.한국테마,화학소재,화학섬유,화학소재 / 화학섬유,,개별기업주식,국내주식밸류,KOSPI,한국,KRW,[],,069500,117460,30,한투 공식 테마 (화학섬유),2026-08-26T08:50:42.077439
환경,1.한국테마,제조업,환경,제조업 / 환경,,개별기업주식,국내주식밸류,KOSPI,한국,KRW,[],,069500,091160,30,한투 공식 테마 (환경),2026-08-26T08:50:42.077439
환율하락 수혜주,1.한국테마,제조업,환율하락 수혜주,제조업 / 환율하락 수혜주,,개별기업주식,국내주식밸류,KOSPI,한국,KRW,[],,069500,091160,30,한투 공식 테마 (환율하락 수혜주),2026-08-26T08:50:42.077439
희귀금속,1.한국테마,제조업,희귀금속,제조업 / 희귀금속,,개별기업주식,국내주식밸류,KOSPI,한국,KRW,[],,069500,091160,30,한투 공식 테마 (희귀금속),2026-08-26T08:50:42.077439
히든챔피언,1.한국테마,제조업,히든챔피언,제조업 / 히든챔피언,,개별기업주식,국내주식밸류,KOSPI,한국,KRW,[],,069500,091160,30,한투 공식 테마 (히든챔피언),2026-08-26T08:50:42.077439
